--
-- PostgreSQL database cluster dump
--

\restrict tf5v60OiVC2NdfzZSZ5i8BfUioBGjdSIZZUSePjRzFT3coC1yOdnhXR5mZQKF6v

SET default_transaction_read_only = off;

SET client_encoding = 'UTF8';
SET standard_conforming_strings = on;

--
-- Roles
--

CREATE ROLE konno;
ALTER ROLE konno WITH SUPERUSER INHERIT CREATEROLE CREATEDB LOGIN REPLICATION BYPASSRLS PASSWORD 'SCRAM-SHA-256$4096:s0/EGWkvBS4fSY7kp2GGRA==$wTO7s+VeLz5shYDBT7F0TuleumPUC/2YxmMI5MUpTn8=:Gc4fLDm9qF74/lZcEtD1MmHVxM4cRbVZyiBESrsaz1k=';

--
-- User Configurations
--








\unrestrict tf5v60OiVC2NdfzZSZ5i8BfUioBGjdSIZZUSePjRzFT3coC1yOdnhXR5mZQKF6v

--
-- Databases
--

--
-- Database "template1" dump
--

\connect template1

--
-- PostgreSQL database dump
--

\restrict 4bnrk4wdAHaVE4fG7yLbgMFQExzROs5M3QXdxsvfvMyWt97AhqqlfhCY8GpHV42

-- Dumped from database version 15.15 (Debian 15.15-1.pgdg13+1)
-- Dumped by pg_dump version 15.15 (Debian 15.15-1.pgdg13+1)

SET statement_timeout = 0;
SET lock_timeout = 0;
SET idle_in_transaction_session_timeout = 0;
SET client_encoding = 'UTF8';
SET standard_conforming_strings = on;
SELECT pg_catalog.set_config('search_path', '', false);
SET check_function_bodies = false;
SET xmloption = content;
SET client_min_messages = warning;
SET row_security = off;

--
-- PostgreSQL database dump complete
--

\unrestrict 4bnrk4wdAHaVE4fG7yLbgMFQExzROs5M3QXdxsvfvMyWt97AhqqlfhCY8GpHV42

--
-- Database "invoice" dump
--

--
-- PostgreSQL database dump
--

\restrict B5N4PYbg1oNKMXZbrfhhBVP3gpJX3UEfEjZWe3TEqxS9qdGbyKD6aSMGeMucPeO

-- Dumped from database version 15.15 (Debian 15.15-1.pgdg13+1)
-- Dumped by pg_dump version 15.15 (Debian 15.15-1.pgdg13+1)

SET statement_timeout = 0;
SET lock_timeout = 0;
SET idle_in_transaction_session_timeout = 0;
SET client_encoding = 'UTF8';
SET standard_conforming_strings = on;
SELECT pg_catalog.set_config('search_path', '', false);
SET check_function_bodies = false;
SET xmloption = content;
SET client_min_messages = warning;
SET row_security = off;

--
-- Name: invoice; Type: DATABASE; Schema: -; Owner: konno
--

CREATE DATABASE invoice WITH TEMPLATE = template0 ENCODING = 'UTF8' LOCALE_PROVIDER = libc LOCALE = 'en_US.utf8';


ALTER DATABASE invoice OWNER TO konno;

\unrestrict B5N4PYbg1oNKMXZbrfhhBVP3gpJX3UEfEjZWe3TEqxS9qdGbyKD6aSMGeMucPeO
\connect invoice
\restrict B5N4PYbg1oNKMXZbrfhhBVP3gpJX3UEfEjZWe3TEqxS9qdGbyKD6aSMGeMucPeO

SET statement_timeout = 0;
SET lock_timeout = 0;
SET idle_in_transaction_session_timeout = 0;
SET client_encoding = 'UTF8';
SET standard_conforming_strings = on;
SELECT pg_catalog.set_config('search_path', '', false);
SET check_function_bodies = false;
SET xmloption = content;
SET client_min_messages = warning;
SET row_security = off;

SET default_tablespace = '';

SET default_table_access_method = heap;

--
-- Name: account_emailaddress; Type: TABLE; Schema: public; Owner: konno
--

CREATE TABLE public.account_emailaddress (
    id integer NOT NULL,
    email character varying(254) NOT NULL,
    verified boolean NOT NULL,
    "primary" boolean NOT NULL,
    user_id integer NOT NULL
);


ALTER TABLE public.account_emailaddress OWNER TO konno;

--
-- Name: account_emailaddress_id_seq; Type: SEQUENCE; Schema: public; Owner: konno
--

ALTER TABLE public.account_emailaddress ALTER COLUMN id ADD GENERATED BY DEFAULT AS IDENTITY (
    SEQUENCE NAME public.account_emailaddress_id_seq
    START WITH 1
    INCREMENT BY 1
    NO MINVALUE
    NO MAXVALUE
    CACHE 1
);


--
-- Name: account_emailconfirmation; Type: TABLE; Schema: public; Owner: konno
--

CREATE TABLE public.account_emailconfirmation (
    id integer NOT NULL,
    created timestamp with time zone NOT NULL,
    sent timestamp with time zone,
    key character varying(64) NOT NULL,
    email_address_id integer NOT NULL
);


ALTER TABLE public.account_emailconfirmation OWNER TO konno;

--
-- Name: account_emailconfirmation_id_seq; Type: SEQUENCE; Schema: public; Owner: konno
--

ALTER TABLE public.account_emailconfirmation ALTER COLUMN id ADD GENERATED BY DEFAULT AS IDENTITY (
    SEQUENCE NAME public.account_emailconfirmation_id_seq
    START WITH 1
    INCREMENT BY 1
    NO MINVALUE
    NO MAXVALUE
    CACHE 1
);


--
-- Name: auth_group; Type: TABLE; Schema: public; Owner: konno
--

CREATE TABLE public.auth_group (
    id integer NOT NULL,
    name character varying(150) NOT NULL
);


ALTER TABLE public.auth_group OWNER TO konno;

--
-- Name: auth_group_id_seq; Type: SEQUENCE; Schema: public; Owner: konno
--

ALTER TABLE public.auth_group ALTER COLUMN id ADD GENERATED BY DEFAULT AS IDENTITY (
    SEQUENCE NAME public.auth_group_id_seq
    START WITH 1
    INCREMENT BY 1
    NO MINVALUE
    NO MAXVALUE
    CACHE 1
);


--
-- Name: auth_group_permissions; Type: TABLE; Schema: public; Owner: konno
--

CREATE TABLE public.auth_group_permissions (
    id bigint NOT NULL,
    group_id integer NOT NULL,
    permission_id integer NOT NULL
);


ALTER TABLE public.auth_group_permissions OWNER TO konno;

--
-- Name: auth_group_permissions_id_seq; Type: SEQUENCE; Schema: public; Owner: konno
--

ALTER TABLE public.auth_group_permissions ALTER COLUMN id ADD GENERATED BY DEFAULT AS IDENTITY (
    SEQUENCE NAME public.auth_group_permissions_id_seq
    START WITH 1
    INCREMENT BY 1
    NO MINVALUE
    NO MAXVALUE
    CACHE 1
);


--
-- Name: auth_permission; Type: TABLE; Schema: public; Owner: konno
--

CREATE TABLE public.auth_permission (
    id integer NOT NULL,
    name character varying(255) NOT NULL,
    content_type_id integer NOT NULL,
    codename character varying(100) NOT NULL
);


ALTER TABLE public.auth_permission OWNER TO konno;

--
-- Name: auth_permission_id_seq; Type: SEQUENCE; Schema: public; Owner: konno
--

ALTER TABLE public.auth_permission ALTER COLUMN id ADD GENERATED BY DEFAULT AS IDENTITY (
    SEQUENCE NAME public.auth_permission_id_seq
    START WITH 1
    INCREMENT BY 1
    NO MINVALUE
    NO MAXVALUE
    CACHE 1
);


--
-- Name: auth_user; Type: TABLE; Schema: public; Owner: konno
--

CREATE TABLE public.auth_user (
    id integer NOT NULL,
    password character varying(128) NOT NULL,
    last_login timestamp with time zone,
    is_superuser boolean NOT NULL,
    username character varying(150) NOT NULL,
    first_name character varying(150) NOT NULL,
    last_name character varying(150) NOT NULL,
    email character varying(254) NOT NULL,
    is_staff boolean NOT NULL,
    is_active boolean NOT NULL,
    date_joined timestamp with time zone NOT NULL
);


ALTER TABLE public.auth_user OWNER TO konno;

--
-- Name: auth_user_groups; Type: TABLE; Schema: public; Owner: konno
--

CREATE TABLE public.auth_user_groups (
    id bigint NOT NULL,
    user_id integer NOT NULL,
    group_id integer NOT NULL
);


ALTER TABLE public.auth_user_groups OWNER TO konno;

--
-- Name: auth_user_groups_id_seq; Type: SEQUENCE; Schema: public; Owner: konno
--

ALTER TABLE public.auth_user_groups ALTER COLUMN id ADD GENERATED BY DEFAULT AS IDENTITY (
    SEQUENCE NAME public.auth_user_groups_id_seq
    START WITH 1
    INCREMENT BY 1
    NO MINVALUE
    NO MAXVALUE
    CACHE 1
);


--
-- Name: auth_user_id_seq; Type: SEQUENCE; Schema: public; Owner: konno
--

ALTER TABLE public.auth_user ALTER COLUMN id ADD GENERATED BY DEFAULT AS IDENTITY (
    SEQUENCE NAME public.auth_user_id_seq
    START WITH 1
    INCREMENT BY 1
    NO MINVALUE
    NO MAXVALUE
    CACHE 1
);


--
-- Name: auth_user_user_permissions; Type: TABLE; Schema: public; Owner: konno
--

CREATE TABLE public.auth_user_user_permissions (
    id bigint NOT NULL,
    user_id integer NOT NULL,
    permission_id integer NOT NULL
);


ALTER TABLE public.auth_user_user_permissions OWNER TO konno;

--
-- Name: auth_user_user_permissions_id_seq; Type: SEQUENCE; Schema: public; Owner: konno
--

ALTER TABLE public.auth_user_user_permissions ALTER COLUMN id ADD GENERATED BY DEFAULT AS IDENTITY (
    SEQUENCE NAME public.auth_user_user_permissions_id_seq
    START WITH 1
    INCREMENT BY 1
    NO MINVALUE
    NO MAXVALUE
    CACHE 1
);


--
-- Name: django_admin_log; Type: TABLE; Schema: public; Owner: konno
--

CREATE TABLE public.django_admin_log (
    id integer NOT NULL,
    action_time timestamp with time zone NOT NULL,
    object_id text,
    object_repr character varying(200) NOT NULL,
    action_flag smallint NOT NULL,
    change_message text NOT NULL,
    content_type_id integer,
    user_id integer NOT NULL,
    CONSTRAINT django_admin_log_action_flag_check CHECK ((action_flag >= 0))
);


ALTER TABLE public.django_admin_log OWNER TO konno;

--
-- Name: django_admin_log_id_seq; Type: SEQUENCE; Schema: public; Owner: konno
--

ALTER TABLE public.django_admin_log ALTER COLUMN id ADD GENERATED BY DEFAULT AS IDENTITY (
    SEQUENCE NAME public.django_admin_log_id_seq
    START WITH 1
    INCREMENT BY 1
    NO MINVALUE
    NO MAXVALUE
    CACHE 1
);


--
-- Name: django_content_type; Type: TABLE; Schema: public; Owner: konno
--

CREATE TABLE public.django_content_type (
    id integer NOT NULL,
    app_label character varying(100) NOT NULL,
    model character varying(100) NOT NULL
);


ALTER TABLE public.django_content_type OWNER TO konno;

--
-- Name: django_content_type_id_seq; Type: SEQUENCE; Schema: public; Owner: konno
--

ALTER TABLE public.django_content_type ALTER COLUMN id ADD GENERATED BY DEFAULT AS IDENTITY (
    SEQUENCE NAME public.django_content_type_id_seq
    START WITH 1
    INCREMENT BY 1
    NO MINVALUE
    NO MAXVALUE
    CACHE 1
);


--
-- Name: django_migrations; Type: TABLE; Schema: public; Owner: konno
--

CREATE TABLE public.django_migrations (
    id bigint NOT NULL,
    app character varying(255) NOT NULL,
    name character varying(255) NOT NULL,
    applied timestamp with time zone NOT NULL
);


ALTER TABLE public.django_migrations OWNER TO konno;

--
-- Name: django_migrations_id_seq; Type: SEQUENCE; Schema: public; Owner: konno
--

ALTER TABLE public.django_migrations ALTER COLUMN id ADD GENERATED BY DEFAULT AS IDENTITY (
    SEQUENCE NAME public.django_migrations_id_seq
    START WITH 1
    INCREMENT BY 1
    NO MINVALUE
    NO MAXVALUE
    CACHE 1
);


--
-- Name: django_session; Type: TABLE; Schema: public; Owner: konno
--

CREATE TABLE public.django_session (
    session_key character varying(40) NOT NULL,
    session_data text NOT NULL,
    expire_date timestamp with time zone NOT NULL
);


ALTER TABLE public.django_session OWNER TO konno;

--
-- Name: invoice_accountitem; Type: TABLE; Schema: public; Owner: konno
--

CREATE TABLE public.invoice_accountitem (
    id bigint NOT NULL,
    invoice_date date,
    payment_due date,
    action_date date,
    action_name character varying(150),
    action_note character varying(150),
    invoice_bt integer NOT NULL,
    invoice_tax integer NOT NULL,
    invoice_at integer NOT NULL,
    flag boolean NOT NULL,
    slug character varying(150),
    company_id bigint NOT NULL,
    item_code_id bigint NOT NULL
);


ALTER TABLE public.invoice_accountitem OWNER TO konno;

--
-- Name: invoice_accountitem_id_seq; Type: SEQUENCE; Schema: public; Owner: konno
--

ALTER TABLE public.invoice_accountitem ALTER COLUMN id ADD GENERATED BY DEFAULT AS IDENTITY (
    SEQUENCE NAME public.invoice_accountitem_id_seq
    START WITH 1
    INCREMENT BY 1
    NO MINVALUE
    NO MAXVALUE
    CACHE 1
);


--
-- Name: invoice_bankaccount; Type: TABLE; Schema: public; Owner: konno
--

CREATE TABLE public.invoice_bankaccount (
    id bigint NOT NULL,
    name character varying(50) NOT NULL,
    branch_name character varying(50),
    branch_code character varying(15),
    account_type character varying(20),
    account_number character varying(50),
    account_name character varying(80),
    account_name_kana character varying(80)
);


ALTER TABLE public.invoice_bankaccount OWNER TO konno;

--
-- Name: invoice_bankaccount_id_seq; Type: SEQUENCE; Schema: public; Owner: konno
--

ALTER TABLE public.invoice_bankaccount ALTER COLUMN id ADD GENERATED BY DEFAULT AS IDENTITY (
    SEQUENCE NAME public.invoice_bankaccount_id_seq
    START WITH 1
    INCREMENT BY 1
    NO MINVALUE
    NO MAXVALUE
    CACHE 1
);


--
-- Name: invoice_company; Type: TABLE; Schema: public; Owner: konno
--

CREATE TABLE public.invoice_company (
    id bigint NOT NULL,
    name character varying(50) NOT NULL,
    short_name character varying(20) NOT NULL,
    address1 character varying(150) NOT NULL,
    address2 character varying(150),
    tel character varying(50),
    email character varying(100),
    slug character varying(20),
    bank_account_id bigint NOT NULL,
    post_code character varying(20),
    register_no character varying(20),
    name_yayoi character varying(20)
);


ALTER TABLE public.invoice_company OWNER TO konno;

--
-- Name: invoice_company_id_seq; Type: SEQUENCE; Schema: public; Owner: konno
--

ALTER TABLE public.invoice_company ALTER COLUMN id ADD GENERATED BY DEFAULT AS IDENTITY (
    SEQUENCE NAME public.invoice_company_id_seq
    START WITH 1
    INCREMENT BY 1
    NO MINVALUE
    NO MAXVALUE
    CACHE 1
);


--
-- Name: invoice_csvdate; Type: TABLE; Schema: public; Owner: konno
--

CREATE TABLE public.invoice_csvdate (
    id bigint NOT NULL,
    csvdate date NOT NULL
);


ALTER TABLE public.invoice_csvdate OWNER TO konno;

--
-- Name: invoice_csvdate_id_seq; Type: SEQUENCE; Schema: public; Owner: konno
--

ALTER TABLE public.invoice_csvdate ALTER COLUMN id ADD GENERATED BY DEFAULT AS IDENTITY (
    SEQUENCE NAME public.invoice_csvdate_id_seq
    START WITH 1
    INCREMENT BY 1
    NO MINVALUE
    NO MAXVALUE
    CACHE 1
);


--
-- Name: invoice_invoicecode; Type: TABLE; Schema: public; Owner: konno
--

CREATE TABLE public.invoice_invoicecode (
    id bigint NOT NULL,
    account_item_slug character varying(30) NOT NULL,
    account_item_id bigint NOT NULL,
    invoice_at_ttl integer NOT NULL,
    invoice_bt_ttl integer NOT NULL,
    invoice_slug character varying(30),
    invoice_tax_ttl integer NOT NULL,
    payment_due date,
    invoice_at_gttl integer NOT NULL,
    invoice_bt_ttl_0 integer NOT NULL,
    invoice_tax_flag boolean NOT NULL,
    invoice_bt_gttl integer NOT NULL
);


ALTER TABLE public.invoice_invoicecode OWNER TO konno;

--
-- Name: invoice_invoicecode_id_seq; Type: SEQUENCE; Schema: public; Owner: konno
--

ALTER TABLE public.invoice_invoicecode ALTER COLUMN id ADD GENERATED BY DEFAULT AS IDENTITY (
    SEQUENCE NAME public.invoice_invoicecode_id_seq
    START WITH 1
    INCREMENT BY 1
    NO MINVALUE
    NO MAXVALUE
    CACHE 1
);


--
-- Name: invoice_itemcode; Type: TABLE; Schema: public; Owner: konno
--

CREATE TABLE public.invoice_itemcode (
    id bigint NOT NULL,
    name character varying(50) NOT NULL,
    short_name character varying(20) NOT NULL,
    slug character varying(20),
    tax_rate character varying(20)
);


ALTER TABLE public.invoice_itemcode OWNER TO konno;

--
-- Name: invoice_itemcode_id_seq; Type: SEQUENCE; Schema: public; Owner: konno
--

ALTER TABLE public.invoice_itemcode ALTER COLUMN id ADD GENERATED BY DEFAULT AS IDENTITY (
    SEQUENCE NAME public.invoice_itemcode_id_seq
    START WITH 1
    INCREMENT BY 1
    NO MINVALUE
    NO MAXVALUE
    CACHE 1
);


--
-- Data for Name: account_emailaddress; Type: TABLE DATA; Schema: public; Owner: konno
--

COPY public.account_emailaddress (id, email, verified, "primary", user_id) FROM stdin;
\.


--
-- Data for Name: account_emailconfirmation; Type: TABLE DATA; Schema: public; Owner: konno
--

COPY public.account_emailconfirmation (id, created, sent, key, email_address_id) FROM stdin;
\.


--
-- Data for Name: auth_group; Type: TABLE DATA; Schema: public; Owner: konno
--

COPY public.auth_group (id, name) FROM stdin;
\.


--
-- Data for Name: auth_group_permissions; Type: TABLE DATA; Schema: public; Owner: konno
--

COPY public.auth_group_permissions (id, group_id, permission_id) FROM stdin;
\.


--
-- Data for Name: auth_permission; Type: TABLE DATA; Schema: public; Owner: konno
--

COPY public.auth_permission (id, name, content_type_id, codename) FROM stdin;
1	Can add log entry	1	add_logentry
2	Can change log entry	1	change_logentry
3	Can delete log entry	1	delete_logentry
4	Can view log entry	1	view_logentry
5	Can add permission	2	add_permission
6	Can change permission	2	change_permission
7	Can delete permission	2	delete_permission
8	Can view permission	2	view_permission
9	Can add group	3	add_group
10	Can change group	3	change_group
11	Can delete group	3	delete_group
12	Can view group	3	view_group
13	Can add user	4	add_user
14	Can change user	4	change_user
15	Can delete user	4	delete_user
16	Can view user	4	view_user
17	Can add content type	5	add_contenttype
18	Can change content type	5	change_contenttype
19	Can delete content type	5	delete_contenttype
20	Can view content type	5	view_contenttype
21	Can add session	6	add_session
22	Can change session	6	change_session
23	Can delete session	6	delete_session
24	Can view session	6	view_session
25	Can add email address	7	add_emailaddress
26	Can change email address	7	change_emailaddress
27	Can delete email address	7	delete_emailaddress
28	Can view email address	7	view_emailaddress
29	Can add email confirmation	8	add_emailconfirmation
30	Can change email confirmation	8	change_emailconfirmation
31	Can delete email confirmation	8	delete_emailconfirmation
32	Can view email confirmation	8	view_emailconfirmation
33	Can add bank account	9	add_bankaccount
34	Can change bank account	9	change_bankaccount
35	Can delete bank account	9	delete_bankaccount
36	Can view bank account	9	view_bankaccount
37	Can add company	10	add_company
38	Can change company	10	change_company
39	Can delete company	10	delete_company
40	Can view company	10	view_company
45	Can add account item	12	add_accountitem
46	Can change account item	12	change_accountitem
47	Can delete account item	12	delete_accountitem
48	Can view account item	12	view_accountitem
49	Can add invoice code	13	add_invoicecode
50	Can change invoice code	13	change_invoicecode
51	Can delete invoice code	13	delete_invoicecode
52	Can view invoice code	13	view_invoicecode
41	Can add item code	11	add_itemcode
42	Can change item code	11	change_itemcode
43	Can delete item code	11	delete_itemcode
44	Can view item code	11	view_itemcode
53	Can add csv date	14	add_csvdate
54	Can change csv date	14	change_csvdate
55	Can delete csv date	14	delete_csvdate
56	Can view csv date	14	view_csvdate
\.


--
-- Data for Name: auth_user; Type: TABLE DATA; Schema: public; Owner: konno
--

COPY public.auth_user (id, password, last_login, is_superuser, username, first_name, last_name, email, is_staff, is_active, date_joined) FROM stdin;
1	pbkdf2_sha256$870000$VfjiVDNtXVYdQJ1NbLsjeS$gfHxwCzhVDWasbNF7plzBgPkgJl0CE0M8P+fUhPZmQU=	2025-12-20 01:23:53.321891+00	t	konno			kkonno@soliton-cm.com	t	t	2024-12-30 06:06:42.432+00
\.


--
-- Data for Name: auth_user_groups; Type: TABLE DATA; Schema: public; Owner: konno
--

COPY public.auth_user_groups (id, user_id, group_id) FROM stdin;
\.


--
-- Data for Name: auth_user_user_permissions; Type: TABLE DATA; Schema: public; Owner: konno
--

COPY public.auth_user_user_permissions (id, user_id, permission_id) FROM stdin;
\.


--
-- Data for Name: django_admin_log; Type: TABLE DATA; Schema: public; Owner: konno
--

COPY public.django_admin_log (id, action_time, object_id, object_repr, action_flag, change_message, content_type_id, user_id) FROM stdin;
1	2024-12-30 14:39:23.58+00	1	三井住友	1	[{"added": {}}]	9	1
2	2024-12-30 14:41:00.755+00	1	三井住友	2	[{"changed": {"fields": ["\\u540d\\u7fa9\\u4eba\\u30ab\\u30ca"]}}]	9	1
3	2024-12-30 14:41:33.483+00	1	三井住友	2	[]	9	1
4	2024-12-30 14:43:30.08+00	1	築地	1	[{"added": {}}]	10	1
5	2024-12-30 14:44:30.012+00	2	SCM	1	[{"added": {}}]	10	1
6	2024-12-30 14:44:52.874+00	1	築地	2	[{"changed": {"fields": ["\\u4f1a\\u793e\\u30ad\\u30fc"]}}]	10	1
7	2024-12-30 14:45:36.427+00	3	CSI	1	[{"added": {}}]	10	1
8	2024-12-30 14:46:01.677+00	4	CSK	1	[{"added": {}}]	10	1
9	2024-12-30 14:46:11.947+00	1	CST	2	[{"changed": {"fields": ["\\u77ed\\u7e2e\\u540d"]}}]	10	1
10	2024-12-30 14:48:31.654+00	5	GIC	1	[{"added": {}}]	10	1
11	2024-12-30 14:50:39.497+00	5	GIC	2	[{"changed": {"fields": ["\\u77ed\\u7e2e\\u540d"]}}]	10	1
12	2024-12-30 14:52:03.736+00	4	CSK	2	[{"changed": {"fields": ["\\u3012"]}}]	10	1
13	2024-12-30 14:52:07.99+00	3	CSI	2	[{"changed": {"fields": ["\\u3012"]}}]	10	1
14	2024-12-30 14:52:22.866+00	2	SCM	2	[{"changed": {"fields": ["\\u3012"]}}]	10	1
15	2024-12-30 14:52:40.281+00	1	CST	2	[{"changed": {"fields": ["\\u3012"]}}]	10	1
16	2024-12-30 14:52:44.25+00	3	CSI	2	[]	10	1
17	2024-12-30 14:52:48.71+00	4	CSK	2	[]	10	1
18	2024-12-30 15:14:11.077+00	1	ItemCode object (1)	1	[{"added": {}}]	11	1
19	2024-12-30 15:14:31.816+00	2	ItemCode object (2)	1	[{"added": {}}]	11	1
20	2024-12-30 15:15:00.045+00	1	請求	2	[]	11	1
21	2024-12-31 10:17:39.073+00	7	CST-202412	2	[{"changed": {"fields": ["\\u8acb\\u6c42\\u66f8\\u4f5c\\u6210\\u6e08"]}}]	12	1
22	2024-12-31 10:17:42.468+00	6	CST-202412	2	[{"changed": {"fields": ["\\u8acb\\u6c42\\u66f8\\u4f5c\\u6210\\u6e08"]}}]	12	1
23	2024-12-31 10:17:49.301+00	7	CST-202412	2	[{"changed": {"fields": ["\\u8acb\\u6c42\\u66f8\\u30ad\\u30fc"]}}]	12	1
24	2024-12-31 10:17:59.775+00	6	CST-202412	2	[{"changed": {"fields": ["\\u8acb\\u6c42\\u66f8\\u30ad\\u30fc"]}}]	12	1
25	2025-01-01 14:38:57.659+00	6	HNK	1	[{"added": {}}]	10	1
26	2025-01-01 14:39:34.695+00	7	OCE	1	[{"added": {}}]	10	1
27	2025-01-01 14:40:04.359+00	8	POM	1	[{"added": {}}]	10	1
28	2025-01-03 01:30:18.868+00	9	DLT	1	[{"added": {}}]	10	1
29	2025-01-03 01:51:12.16+00	3	無税	1	[{"added": {}}]	11	1
30	2025-01-03 01:51:16.961+00	2	立替	2	[]	11	1
31	2025-01-03 01:51:21.589+00	3	無税	2	[]	11	1
32	2025-01-03 02:02:13.164+00	15	CST-202411	2	[]	12	1
33	2025-01-03 02:10:47.301+00	23	CSK-202412	2	[]	12	1
34	2025-01-03 02:10:52.354+00	22	CSI-202412	2	[]	12	1
35	2025-01-03 02:11:01.552+00	21	CST-202412	2	[]	12	1
36	2025-01-04 13:47:25.64+00	1	CsvDate object (1)	2	[{"changed": {"fields": ["Csvdate"]}}]	14	1
37	2025-01-04 13:58:00.536+00	8	POM	2	[{"changed": {"fields": ["\\u5f25\\u751f\\u88dc\\u52a9\\u79d1\\u76ee"]}}]	10	1
38	2025-01-04 13:58:20.91+00	7	OCE	2	[{"changed": {"fields": ["\\u5f25\\u751f\\u88dc\\u52a9\\u79d1\\u76ee"]}}]	10	1
39	2025-01-04 13:58:26.79+00	6	HNK	2	[{"changed": {"fields": ["\\u5f25\\u751f\\u88dc\\u52a9\\u79d1\\u76ee"]}}]	10	1
40	2025-01-04 13:58:38.997+00	5	GIC	2	[{"changed": {"fields": ["\\u5f25\\u751f\\u88dc\\u52a9\\u79d1\\u76ee"]}}]	10	1
41	2025-01-04 13:58:52.842+00	4	CSK	2	[{"changed": {"fields": ["\\u5f25\\u751f\\u88dc\\u52a9\\u79d1\\u76ee"]}}]	10	1
42	2025-01-04 13:59:08.414+00	3	CSI	2	[{"changed": {"fields": ["\\u5f25\\u751f\\u88dc\\u52a9\\u79d1\\u76ee"]}}]	10	1
43	2025-01-04 13:59:22.342+00	1	CST	2	[{"changed": {"fields": ["\\u5f25\\u751f\\u88dc\\u52a9\\u79d1\\u76ee"]}}]	10	1
44	2025-01-04 14:00:03.078+00	1	CsvDate object (1)	2	[{"changed": {"fields": ["Csvdate"]}}]	14	1
45	2025-01-04 14:01:59.234+00	1	CsvDate object (1)	2	[{"changed": {"fields": ["Csvdate"]}}]	14	1
46	2025-01-04 14:06:04.781+00	1	CsvDate object (1)	2	[{"changed": {"fields": ["Csvdate"]}}]	14	1
47	2025-01-04 14:11:25.75+00	1	CsvDate object (1)	2	[{"changed": {"fields": ["Csvdate"]}}]	14	1
48	2025-04-02 01:54:48.033+00	63	CSI-202504	2	[{"changed": {"fields": ["\\u8acb\\u6c42\\u65e5"]}}]	12	1
49	2025-04-02 01:54:53.241+00	66	CSK-202504	2	[{"changed": {"fields": ["\\u8acb\\u6c42\\u65e5"]}}]	12	1
50	2025-04-02 01:55:00.485+00	65	CST-202504	2	[{"changed": {"fields": ["\\u8acb\\u6c42\\u65e5"]}}]	12	1
51	2025-04-02 01:55:07.771+00	64	GIC-202504	2	[{"changed": {"fields": ["\\u8acb\\u6c42\\u65e5"]}}]	12	1
52	2025-05-12 02:17:00.373+00	10	JWE	1	[{"added": {}}]	10	1
53	2025-05-12 02:19:44.745+00	10	JWE	2	[{"changed": {"fields": ["\\u5f25\\u751f\\u88dc\\u52a9\\u79d1\\u76ee", "\\u4f1a\\u793e\\u30ad\\u30fc"]}}]	10	1
54	2025-06-04 09:12:50.239+00	11	CST2	1	[{"added": {}}]	10	1
55	2025-06-04 09:13:15.076+00	11	CST2	2	[{"changed": {"fields": ["\\u5f25\\u751f\\u88dc\\u52a9\\u79d1\\u76ee", "\\u4f1a\\u793e\\u30ad\\u30fc"]}}]	10	1
56	2025-06-04 09:13:38.923+00	11	CST2	2	[{"changed": {"fields": ["\\u4f4f\\u6240\\uff11", "\\u4f4f\\u6240\\uff12"]}}]	10	1
57	2025-06-04 09:13:45.335+00	1	CST	2	[]	10	1
58	2025-06-04 09:13:51.149+00	11	CST2	2	[{"changed": {"fields": ["\\u3012"]}}]	10	1
59	2025-10-03 07:23:12.817558+00	12	JTM	1	[{"added": {}}]	10	1
60	2025-10-03 07:24:52.48695+00	12	JTM	2	[{"changed": {"fields": ["\\u4f1a\\u793e\\u30ad\\u30fc"]}}]	10	1
61	2025-10-03 07:29:55.14924+00	84	JTM-202510-202510	3		13	1
\.


--
-- Data for Name: django_content_type; Type: TABLE DATA; Schema: public; Owner: konno
--

COPY public.django_content_type (id, app_label, model) FROM stdin;
1	admin	logentry
2	auth	permission
3	auth	group
4	auth	user
5	contenttypes	contenttype
6	sessions	session
7	account	emailaddress
8	account	emailconfirmation
9	invoice	bankaccount
10	invoice	company
12	invoice	accountitem
13	invoice	invoicecode
11	invoice	itemcode
14	invoice	csvdate
\.


--
-- Data for Name: django_migrations; Type: TABLE DATA; Schema: public; Owner: konno
--

COPY public.django_migrations (id, app, name, applied) FROM stdin;
1	contenttypes	0001_initial	2025-09-27 07:23:10.179273+00
2	auth	0001_initial	2025-09-27 07:23:10.285033+00
3	account	0001_initial	2025-09-27 07:23:10.32834+00
4	account	0002_email_max_length	2025-09-27 07:23:10.334811+00
5	account	0003_alter_emailaddress_create_unique_verified_email	2025-09-27 07:23:10.351218+00
6	account	0004_alter_emailaddress_drop_unique_email	2025-09-27 07:23:10.35974+00
7	account	0005_emailaddress_idx_upper_email	2025-09-27 07:23:10.368536+00
8	account	0006_emailaddress_lower	2025-09-27 07:23:10.374636+00
9	account	0007_emailaddress_idx_email	2025-09-27 07:23:10.389501+00
10	account	0008_emailaddress_unique_primary_email_fixup	2025-09-27 07:23:10.395722+00
11	account	0009_emailaddress_unique_primary_email	2025-09-27 07:23:10.404352+00
12	admin	0001_initial	2025-09-27 07:23:10.427329+00
13	admin	0002_logentry_remove_auto_add	2025-09-27 07:23:10.433278+00
14	admin	0003_logentry_add_action_flag_choices	2025-09-27 07:23:10.438495+00
15	contenttypes	0002_remove_content_type_name	2025-09-27 07:23:10.447199+00
16	auth	0002_alter_permission_name_max_length	2025-09-27 07:23:10.452833+00
17	auth	0003_alter_user_email_max_length	2025-09-27 07:23:10.45843+00
18	auth	0004_alter_user_username_opts	2025-09-27 07:23:10.463792+00
19	auth	0005_alter_user_last_login_null	2025-09-27 07:23:10.470119+00
20	auth	0006_require_contenttypes_0002	2025-09-27 07:23:10.472576+00
21	auth	0007_alter_validators_add_error_messages	2025-09-27 07:23:10.477479+00
22	auth	0008_alter_user_username_max_length	2025-09-27 07:23:10.490065+00
23	auth	0009_alter_user_last_name_max_length	2025-09-27 07:23:10.495167+00
24	auth	0010_alter_group_name_max_length	2025-09-27 07:23:10.501135+00
25	auth	0011_update_proxy_permissions	2025-09-27 07:23:10.506551+00
26	auth	0012_alter_user_first_name_max_length	2025-09-27 07:23:10.512103+00
27	invoice	0001_initial	2025-09-27 07:23:10.559997+00
28	invoice	0002_company_post_code_invoicecode_payment_due	2025-09-27 07:23:10.56492+00
29	invoice	0003_alter_company_post_code	2025-09-27 07:23:10.568149+00
30	invoice	0004_alter_accountitem_invoice_at_and_more	2025-09-27 07:23:10.581715+00
31	invoice	0005_itemcode	2025-09-27 07:23:10.588814+00
32	invoice	0006_accountitem_item_code	2025-09-27 07:23:10.598629+00
33	invoice	0007_alter_accountitem_invoice_date	2025-09-27 07:23:10.602584+00
34	invoice	0008_alter_accountitem_invoice_date_and_more	2025-09-27 07:23:10.609413+00
35	invoice	0009_alter_accountitem_action_date	2025-09-27 07:23:10.613108+00
36	invoice	0010_alter_accountitem_item_code	2025-09-27 07:23:10.618946+00
37	invoice	0011_alter_accountitem_action_name	2025-09-27 07:23:10.622613+00
38	invoice	0012_alter_invoicecode_account_item_slug	2025-09-27 07:23:10.627543+00
39	invoice	0013_remove_invoicecode_invoice_at_ttl_and_more	2025-09-27 07:23:10.638121+00
40	invoice	0014_remove_invoicecode_account_item	2025-09-27 07:23:10.643403+00
41	invoice	0015_alter_invoicecode_account_item_slug	2025-09-27 07:23:10.652754+00
42	invoice	0016_invoicecode_account_item	2025-09-27 07:23:10.662076+00
43	invoice	0017_invoicecode_invoice_at_ttl_and_more	2025-09-27 07:23:10.673924+00
44	invoice	0018_company_register_no	2025-09-27 07:23:10.6779+00
45	invoice	0019_alter_accountitem_action_note	2025-09-27 07:23:10.682339+00
46	invoice	0020_csvdate	2025-09-27 07:23:10.689307+00
47	invoice	0021_alter_csvdate_csvdate	2025-09-27 07:23:10.691854+00
48	invoice	0022_company_name_yayoi_alter_accountitem_action_date_and_more	2025-09-27 07:23:10.701463+00
49	invoice	0023_invoicecode_invoice_at_gttl_and_more	2025-09-27 07:23:10.709742+00
50	invoice	0024_invoicecode_invoice_bt_gttl	2025-09-27 07:23:10.714304+00
51	invoice	0025_itemcode_tax_rate	2025-09-27 07:23:10.717546+00
52	sessions	0001_initial	2025-09-27 07:23:10.738558+00
\.


--
-- Data for Name: django_session; Type: TABLE DATA; Schema: public; Owner: konno
--

COPY public.django_session (session_key, session_data, expire_date) FROM stdin;
0g87u6ukywtjp3xn9xpzqs8uqe2oou17	.eJxVj01vwjAMQP-Lz1UV56OkPe7OL5imyknMmjES1KSCCfHfRzYu3Cy_5yf5BuR93lKdaasLpxo91ZjTfOK65FBger_B_wwTnKmUS14DdEAVJtwZoSxaZfpRmUHpoYOt8JroxA_7mFPKcP_o4C8-NzTH1kF42TnyR04NhC9Kn7n3OdU1ur4p_ZOWfp8Df7893ZfAQmV5XJN1h6APo9KotCMUqOROmIDGDUpYOQblNRHjKEUQQZH2loNH0oalRNGihUtp__P1HNcfmMT9F0CyX9g:1uSQH5:AX-NtDxt6E7KSTj9wea--i380mMWFqUVvrBYpR5hHvw	2025-07-04 01:10:35.96+00
0nvikehco9auwg9rx5rjvsdrvsfm3h37	.eJxVj01vwjAMQP-Lz1WVr9Kkx935BdNUObFZM0aCmlQwIf77yMaFm-X3_CTfAEPIW6ozbnXhVGPAGnOaT1yXTAWm9xv8zzDBGUu55JWgA6wwydHYcVRaud6aQe-062ArvCY88cM-5pQy3D86-IvPDc2xdSS87DyGI6cG6AvTZ-5DTnWNvm9K_6Sl32fi77en-xJYsCyPa7T-QObgtJHaeJRCajWKgeTgd1pY5UgHg8jSKUGCNJpgmYJEM7BSUrRo4VLa_3w9x_UHJnH_BUpNX-M:1uLfZJ:5PgP4xUj7SxFEp7DnFU-7FCwvxysS6Ew_-d0oSnxqVY	2025-06-15 10:05:29.871+00
19rdc77pno2lxekdpwinr715vxlqjx3u	.eJxVj8tuwyAQRf9l1pbFAH7gZff5gqqyBpjUNA1EBiupovx7TZtNdqM5d47m3oGcS1ssM21l4ViCoxJSnM9cluQzTO93-J9hggvlfE2rhwaowISDRoVmGPtWaW2w6xvYMq-RzrynTynGBI-PBv7kc0VzqB6El50ld-JYgf-i-Jlal2JZg21rpH3S3B6S5--3Z_ZFsFBe9msa7dHro1H7W9oSClRyEJ3HzvZKjNJ45TQRo5HCC69Iu5G9Q9IdS4miSjPnXPvz7RLWH5jE4xdCbV_a:1tqOp0:2zC-1DVJgyAGrHXPkrJ-P0T4DIhm_UOwub3aA3Yt76k	2025-03-21 03:56:26.37+00
1ravco3hgx61k3062gfrcj6uxrimodn8	.eJxVj8FuwyAMQP_F5whhIG2S4-79gmmKDHYX1hWqQLRNVf99ZeulN8vv-Um-AoWQt1Rn2uoiqcZANeY0n6UumQtMr1f4n2GCC5XylVeGDqjChHtnRkQ7oDLO7rB3HWxF1kRnudunnFKG21sHf_G5oTm2DsLTzlM4SWqAPyi9ZxVyqmv0qinqQYs6ZJbPl4f7FFioLPdrGvyR3XG0Dq3zhBqt2euesfc7qwczsg2OSHA0mjVbcmEQDkiuF2NQt2iRUtr_8n2J6w9M-vYLM-lfyQ:1tx4rt:kjELAUIYrMQ90FWfbcSe04PaxJ-hXL2Y_ABs9r4J7Gk	2025-04-08 14:03:01.287+00
1ucu3i7jofuhkwlhrrnqqooh9xzpa1kt	.eJxVj8tOAzEMAP_F59UqzoN9HLnzBQitnNhlQ2lSbbICVPXfaaCX3izPeCRfgELIe6oL7XWVVGOgGnNaTlLXzAXm1wv8zzDDmUr5yhtDB1RhxsENo3bGuN6idZOyHexFtkQnudnHnFKG61sHf_GloSW2DsLDzlM4SmqAPyi95z7kVLfo-6b0d1r6l8zy-Xx3HwIrlfV2TaM_sD1MxqKxnlCh0YNyjM4_GTXqiU2wRIKTVqzYkA2jcECyTrRG1aJFSmn_y_c5bj8wq-svPYxf1A:1uxefX:d4vkNyB-3BVZ-3-Y274Pi1sU9kj2yR7w3qwA15EcLxc	2025-09-28 04:48:55.444+00
2271er6nkscefd2qnw9ftsrkn7x25dri	.eJxVj8tuAjEMAP_F51UU58E-jr3zBVW1chLTTSkJ2mQFFeLfS1ou3CzPeCTfgLzPW6ozbXXhVKOnGnOaT1yXHApM7zf4n2GCM5VyyWuADqjChL221vbY74SUCnUHW-E10Ykf7jGnlOH-0cFfem5ojq2C8LJz5I-cGghflD6z8DnVNTrRFPGkRexz4O-3p_sSWKgsj2sa3CGYw6gNauMIJWrVSxvQup2WgxqD9oaIcVQyyKDJ-IGDRzKWlULZooVLad_z9RzXH5jk_RepD19g:1tSDhg:YSfIoFa_iV1NZanl5eTQzJ3sHMpjWxlo1U8cR-fUURY	2025-01-13 11:12:56.027+00
238qps6rniexyf5q830c2xb6hjjny3d9	.eJxVj01vwjAMQP-Lz1WVT9r0uDu_YJoqJzZrxkhQkwomxH8f2bhws_yen-QbYAh5S3XGrS6cagxYY07zieuSqcD0foP_GSY4YymXvBJ0gBUmOVjr3M4MtheDHY3pYCu8JjzxQz7mlDLcPzr4a88NzbFlJLzsPIYjpwboC9Nn7kNOdY2-b0r_pKXfZ-Lvt6f7EliwLI9rHP2BzMFpI7XxKIXUahCWpPU7LUblSAeDyNIpQYI0mjAyBYnGslJStGjhUtr7fD3H9Qcmcf8FBvBfsQ:1upytn:p-dSzHiHxh8i_0FWQKIKipCOMHruLIoR7Ks1w2n2rlw	2025-09-07 00:47:55.102+00
2sw3hecdo79tt6ep4w72mk0d0lhcvq2h	.eJxVj8tuAjEMAP_F51WUJ_s49s4XVNXKiU03pSRokxVUiH8vablwszzjkXwDDCFvqc641YVTjQFrzGk-cV0yFZjeb_A_wwRnLOWSV4IOsMKkejtYY0bjxM451TvbwVZ4TXjih33MKWW4f3TwF58bmmPrKHjZeQxHTg3QF6bPLEJOdY1eNEU8aRH7TPz99nRfAguW5XGNgz-QPYzGKmM9KqmM7qUj5fzOyEGPZIJFZDVqSZIM2jAwBYXWsdZKtmjhUtr_fD3H9Qcmef8FQ3Vf2w:1uKFXL:Ed64NPj9CD8Q7eADKduyK95chci6JalWXwYHHBixnFY	2025-06-11 12:05:35.729+00
36y4r0ko4jeh4r8oxzjunibacueyebd3	.eJxVj0luwzAMAP_Cs2Fo93LsPS8oCoMSmVpNIwWWjLYI8vdGbS65EZzhALwChpD3VBfc68qpxoA15rScua6ZCsyvV_ifYYYLlvKVN4IOsMIsB-OEM8rZfjDSWaE72AtvCc98t085pQy3tw7-4ktDS2wdCU87j-HEqQH6wPSe-5BT3aLvm9I_aOkPmfjz5eE-BVYs6_0aR38kc5y0kdp4lEJqNQhL0nqnxagm0sEgspyUIEEaTRiZgkRjWSkpWrRwKe1__r7E7QdmcfsFOE9fzg:1uAJ4r:SgrJmYqAMA3u4l7VtwmTWSKdvuc5g1Aa2YIpOh_STrw	2025-05-15 01:51:05.766+00
3c4nznhrxcpb2et82rruc12tbfgeaso2	.eJxVj8FuwyAMQP_F5whhIA3Jcfd-wTRFBtyFdYUqELVT1X9f2XrpzfJ7fpJvQN7nLdWZtrpwqtFTjTnNJ65LDgWm9xv8zzDBmUq55DVAB1RhwqG3ElFKFGY3oB1tB1vhNdGJH_Yxp5Th_tHBX3xuaI6tg_Cyc-SPnBoIX5Q-s_A51TU60RTxpEXsc-Dvt6f7ElioLI9rsu4QzGHUBrVxhBK1GmQfsHc7La0ag_aGiHFUMsigyXjLwSOZnpVC2aKFS2n_8_Uc1x-Y5P0XN8Nfzg:1uyQy9:fb2Tbj2JDTKqUg8uBo63bI2W5UVGW7ufnNQwyCVJAdE	2025-09-30 08:23:21.5+00
3kgu4qlhlmgxhq8nux9xu198g5e5xpqz	.eJxVj7tuwzAMAP-Fs2GIetiyx-75gqIwKImp1TRSYMloiyD_3qjNko3gHQ_gFcj7vKe60F5XTjV6qjGn5cx1zaHA_HqF_xlmuFApX3kL0AFVmHE0w4h2MLa3kxmMtB3shbdEZ77bp5xShttbB3_xpaEltg7C086RP3FqIHxQes-9z6lu0fVN6R-09Icc-PPl4T4FVirr_ZqsOwZ9nJRGpR2hQCVHYQIaNyhh5RSU10SMkxRBBEXaWw4eSRuWEkWLFi6l_c_fl7j9wCxuv1IHX-w:1ut0lu:thc9H-U3IoA8Yjps8fQsWLhNC5Lbo_MZmhFlWoiZRVs	2025-09-15 09:24:18.921+00
3r7ntg6l8yi76rplz08qys6tbiqawn6z	.eJxVj7tuwzAMAP-FsyHoQSe2x-75gqIwKJGp1TRSYMloiyD_3qjNko3gHQ_gFSiEvKU601YXSTUGqjGn-Sx1yVxger3C_wwTXKiUr7wydEAVJrN3O2M16l6N6DSi7WArsiY6y90-5ZQy3N46-IvPDc2xdQw87TyFk6QG-IPSe1Yhp7pGr5qiHrSoQ2b5fHm4T4GFynK_psEfGY-jQ-PQk9HG2b3u2fR-5_RgR3YBicSMVrNmRxgG4WAIe7HW6BYtUkr7X74vcf2BSd9-AS3XX8I:1tUaE2:RMATqqC7QjQ_QaOcnUy6SKrm37UnziR1xdcsnR64iJA	2025-01-19 23:40:06+00
4ducc1bhrzktme2441xuaadtmi1r5dg3	.eJxVj01vwjAMQP-Lz1WUDze0Pe7OL5imyknMmjES1KSCCfHfRzYu3Cy_5yf5BuR93lKdaasLpxo91ZjTfOK65FBger_B_wwTnKmUS14DdEAVJrVDKy0aRGERh17bDrbCa6ITP-xjTinD_aODv_jc0BxbR8HLzpE_cmogfFH6zMLnVNfoRFPEkxaxz4G_357uS2ChsjyuaXCHgIfRoDLoSEll9E72QfXOGjnoMRiPRKxGLYMMhtAPHLwi7FlrJVu0cCntf76e4_oDk7z_Aj4gX9U:1uAJ68:UGkcEI5Q2gNbBsz9wXJoXEmr4H0ou35m0IWIsXNF3a8	2025-05-15 01:52:24.659+00
56p74u5csc9no6ugcmwayjds9pwo6tvj	.eJxVj01vwjAMQP-Lz1WVT9L2uDu_YJoqJzZrxkhQkwomxH8f2bhws_yen-QbYAh5S3XGrS6cagxYY07zieuSqcD0foP_GSY4YymXvBJ0gBUm6YxzSihnequ1FW7XwVZ4TXjih33MKWW4f3TwF58bmmPrSHjZeQxHTg3QF6bP3Iec6hp935T-SUu_z8Tfb0_3JbBgWR7XOPgDmcOojdTGoxRSKycsSet3WgxqJB0MIstRCRKk0YSBKUg0lpWSokULl9L-5-s5rj8wifsvOs1f0Q:1uHFsg:LzRewhXfcqjGYOS5xCe6IMFRt-aiIxWNyr2cLvm-qhI	2025-06-03 05:51:14.613+00
6cvy70njc7x2pfbq3a9tgop99doed9gh	.eJxVj01vwjAMQP-Lz1WVT5r2uDu_YJoqJzZrxkhQkwomxH8f2bhws_yen-QbYAh5S3XGrS6cagxYY07zieuSqcD0foP_GSY4YymXvBJ0gBUmOeidGp20Q2-Nstq4DrbCa8ITP-xjTinD_aODv_jc0BxbR8LLzmM4cmqAvjB95j7kVNfo-6b0T1r6fSb-fnu6L4EFy_K4RucPZA6jNlIbj1JIrQZhSVq_08KpkXQwiCxHJUiQRhMcU5BoLCslRYsWLqX9z9dzXH9gEvdfQ21f2w:1tVKSz:mJkplivkJ9q3z35AaVslNtIkdEB-WvPXsKTW8Fh2xHc	2025-01-22 01:02:37.81+00
70ekorync9p25brlbd2wo9oje1w8vpu0	.eJxVj8tqAzEMRf9F68HIr85j2X2_oJRBtpWOm8YOYw9NCPn3jttsshFC9-jAvQF5n7dUZ9rqwqlGTzXmNJ-4LjkUmN5v8L_DBGcq5SevATqgCpPsjVW4TyXQIPa2g63wmujEO3zMKWW4f3Tw555bNMemkfB0c-SPnFoQvih9ZuFzqmt0oiHikRbxlgN_vz7YJ8FCZdm_aXCHYA6jNlIbRxKlVj3aIK170TioMWhviFiOCgMGTcYPHLwkY1kpiU1auJRWny_nuF5hwvsv5udfjA:1u6ghC:Jjfw2I87No0d3cyQvsoAuwxLifbV_OC58j5StaAG_6Y	2025-05-05 02:15:42.074+00
8ebhdbf63ky3x0xswfcxhwts86rbkn91	.eJxVj01vwjAMQP-Lz1UV56OkPe7OL5imyknMmjES1KSCCfHfRzYu3Cy_5yf5BuR93lKdaasLpxo91ZjTfOK65FBger_B_wwTnKmUS14DdEAVJtxpNNYYq_pxGJTWHWyF10QnfsjHnFKG-0cHf-25oTm2DMLLzpE_cmogfFH6zL3Pqa7R9U3pn7T0-xz4--3pvgQWKsvjmqw7BH0YlUalHaFAJXfCBDRuUMLKMSiviRhHKYIIirS3HDySNiwlihYtXEp7n6_nuP7AJO6_ALtfqg:1trVy3:ODhtvSkavczJIb4SPfxAs8vZ_lAVqaUeycBpXwqrwYk	2025-03-24 05:46:23.992+00
8heccnapfmmmmyx60unre5fxhij1s9g5	.eJxVj0tuwzAMBe_CtSHo59jysvucoCgMSmRqNY0UWDLaIsjda7XZZEWCbzjAuwGGkLdUZ9zqwqnGgDXmNF-4LpkKTK83-N9hgiuW8pVXgg6wwqQGq91otBvEPoaDtR1shdeEF97pc04pw_2tgz_53KI5No-Cp5vHcObUAvrA9J5FyKmu0YuGiEdaxDETf7482CfBgmXZv3H0J7InZ6wy1qOSyuhB9qR6fzBy1I5MsIisnJYkyaANI1NQaHvWWskmLVxK68_f17j-wCTvv06XX-g:1txNZq:ibaGsAC0Knt1r4mX0v40_qWb4WGgQw_K9p2jCISFmWg	2025-04-09 10:01:38.073+00
b94ft1e2wrt6q4rljykuzgngruqfjrzy	.eJxVj8FuwyAMht_F5yjCQBbIcfc9wTRFBtyFdYUqEK1V1Xdf2HrpzfL3-5P_G5D3eUt1pq0unGr0VGNO84nrkkOB6f0G_zNMcKZSfvIaoAOqMOGojDIG7dgPVqAwsoOt8JroxHv6mFPKcP_o4E8-NzTH5kF42jnyR04NhC9Kn7n3OdU1ur5F-gct_VsO_P36yD4JFirLfk3GHYI-WKVRaUcoUMlRDAEH96L272xQXhMxWimCCIq0Nxw8kh5YShRNWriU1p8v57heYRL3X0OxX9s:1te6BJ:70EhrVgiP87mHSjX8Mb_pVhb-WEtWvG5VhORKCZjlX8	2025-02-15 05:36:37.612+00
bgf5khu1pv1siibnh0ag6r0i6bn0moql	.eJxVj01vwjAMQP-Lz1UV54u2x935BdNUOYlZM0aCmlQwIf77yMaFm-X3_CTfgLzPW6ozbXXhVKOnGnOaT1yXHApM7zf4n2GCM5VyyWuADqjChDsjrEGjbY-jRWFlB1vhNdGJH_Yxp5Th_tHBX3xuaI6tg_Cyc-SPnBoIX5Q-c-9zqmt0fVP6Jy39Pgf-fnu6L4GFyvK4psEdgj6MSqPSjlCgkjthAhpnlRjkGJTXRIyjFEEERdoPHDySNiwlihYtXEr7n6_nuP7AJO6_NotfzA:1uTYRG:tkB3ouESdKboTpzjawNdz7QWOkO7NIHiNxJWG0qX-Qw	2025-07-07 04:05:46.422+00
bkj6w8cbtka4gah22o6ksfje62iil18t	.eJxVj7tuwzAMAP-Fs2Hoacseu-cLisKgRKZW00iBJaMtgvx7ozZLNoJ3PIBXwBDynuqCe1051RiwxpyWM9c1U4H59Qr_M8xwwVK-8kbQAVaY5WilG4xyQ2_N6KwYOtgLbwnPfLdPOaUMt7cO_uJLQ0tsHQlPO4_hxKkB-sD0nvuQU92i75vSP2jpD5n48-XhPgVWLOv9Gp0_kjlO2khtPEohtRqFJWn9oIVTE-lgEFlOSpAgjSY4piDRWFZKihYtXEr7n78vcfuBWdx-AUX8X94:1uYdva:9_ToTcjdsimxgwzesiybmSaloSErkBRpAXeVr4VACkI	2025-07-21 04:58:06.573+00
bmiz9q7wa0uhmu3k7l7gna6b5j0y39n0	.eJxVj01vwjAMQP-Lz1WVr5akx935BdNUObFZM0aCmlQwIf77yMaFm-X3_CTfAEPIW6ozbnXhVGPAGnOaT1yXTAWm9xv8zzDBGUu55JWgA6wwyZ0ZxtFZ53qnjLXadLAVXhOe-GEfc0oZ7h8d_MXnhubYOhJedh7DkVMD9IXpM_chp7pG3zelf9LS7zPx99vTfQksWJbHNVp_IHNw2khtPEohtdqJgeTgRy2scqSDQWTplCBBGk2wTEGiGVgpKVq0cCntf76e4_oDk7j_AlZ5X_E:1u8eU7:nFqvEf03lUEX2dOgNVFwRLe1tepFYHDJHmaGZPlnUbE	2025-05-10 12:18:19.963+00
bw1rfx8pqy53hav87rrdltpwo8gzvksz	.eJxVj0tuwzAMBe_CtSGI-iS2l93nBEVhUBJTq2mkwJKRFEHuXqvNJjuC8zjguwN5n9dUJ1rrzKlGTzXmNJ25zjkUGN_v8D_DCBcq5ZqXAB1QhRH3dtdLiWgFDsoq1cFaeEl05i18yilleHx08OeeGppi0yC87Bz5E6cGwhelzyx8TnWJTrSIeNIiDjnw99sz-yKYqczbNfXuGMxx0Aa1cYQStdpLG9C6nZa9GoL2hoi3X2WQQZPxPQePZCwrhbJJC5fS6vPtEpcfGOXjF-wpX5I:1utLxj:OfQGzY33TcaZuugxAxaMqxVERWgyTb1MxyJFZawfIEE	2025-09-16 08:01:55.22+00
c5dsp9b99aiudid0gbn84r07v65524fo	.eJxVj01PwzAMQP-Lz1WVr5KkR-78AoQqJ_ZoGEumJhWgaf-dBXbZzfJ7fpIvgDGWPbcF97ZybiliSyUvJ25roQrz6wX-Z5jhjLV-lY1gAGwwSzs5a7y1evROOCPNAHvlLeOJb_ax5Fzg-jbAX3zpaEm9I-FhFzAeOXdAH5jfyxhLblsKY1fGO63jSyH-fL67D4EV63q7RhcOZA5eG6lNQCmkVlZMJKfwpIVTnnQ0iCy9EiRIo4mOKUo0EyslRY9WrrX_z9_ntP3ALK6_Tg1f5w:1v1X9q:1iliGGMQ8hkhljJ1VNnfwGbB11hMIYKLoqKOzzQiwm4	2025-10-08 21:36:14.004+00
cvrh9tfq0yt70ts7d1xn20l0nwc8qhfi	.eJxVj8FuwyAMQP_F5whhIAnJcfd-wTRFBtyFdYUqEG1T1X9f2XrpzfJ7fpKvQN7nPdWF9rpyqtFTjTktZ65rDgXm1yv8zzDDhUr5yluADqjCjKO2gzHDIAVKZVGPHeyFt0RnvtunnFKG21sHf_GloSW2DsLTzpE_cWogfFB6z8LnVLfoRFPEgxZxyIE_Xx7uU2Clst6vybpjMMdJG9TGEUrUapR9wN4NWlo1Be0NEeOkZJBBk_GWg0cyPSuFskULl9L-5-9L3H5glrdfOF9fzg:1tfAto:CnkudTxQTqJgkOnXJMvlqDlcYJ_2TH3iBWWakKKtpqs	2025-02-18 04:51:00.138+00
dgxppz63mtehrgnxayvbl3mu62mvswwy	.eJxVj8tuwyAQAP9lzxbi6YCPvecLqspaYFPTNBAZrKSK8u8NbS65rXZmR9obYAhly23GrS2UWwrYUsnzidpSYoXp_Qb_M0xwxlovZY0wADaYxM5YZ0Y-KmZHoYzTA2yV1ownetjHknOB-8cAf_G5ozn1joCXncdwpNxB_ML8WVgoua3Js66wJ61sXyJ9vz3dl8CCdXlco_WHqA9OaaG0R8GFkjtuojB-VNxKF1XQiCSc5JFHhTpYikGgNiSl4D1aqdb-P13Paf2Bid9_AUi0X-E:1v2Op5:66e6ZInXgeOGJNiBnFCrfdARkhTOmFNHVLZX26k_TLg	2025-10-11 06:54:23.889+00
e65wl20gf4ogm4vs5u6qs1jnw80se8y1	.eJxVj0tuwzAMBe_CtWHo58jysvucoCgMSmRqNY0UWDLaIsjda7XZZEWCbzjAuwGGkLdUZ9zqwqnGgDXmNF-4LpkKTK83-N9hgiuW8pVXgg6wwiStOQirrXO9HdQ-dAdb4TXhhXf6nFPKcH_r4E8-t2iOzSPh6eYxnDm1gD4wvec-5FTX6PuG9I-09MdM_PnyYJ8EC5Zl_8bRn8icnDZSG49SSK2sGEgO_qDFqBzpYBBZOiVIkEYTRqYg0QyslBRNWriU1p-_r3H9gUncfwFQJl_q:1uALYd:0kGVY4kpXtZfWvwuZALoIvMGPmJqpH7F5ePOEQNuNLM	2025-05-15 04:29:59.791+00
erlvs0bie8teol7ln33ywcojpmbbihev	.eJxVj8tOAzEMAP_F51WU576O3PsFCK2c2GVDaVJtsgJU9d9poJfeLM94JF8BQ8h7qgvudeVUY8Aac1rOXNdMBebXK_zPMMMFS_nKG0EHWGFWg9VOj1YOwvXGDKbvYC-8JTzz3T7llDLc3jr4iy8NLbF1FDztPIYTpwboA9N7FiGnukUvmiIetIhDJv58ebhPgRXLer_G0R_JHidjlbEelVRGD9KRcr43ctQTmWARWU1akiSDNoxMQaF1rLWSLVq4lPY_f1_i9gOzvP0CPURf1A:1tvTEt:EJJtxjp08PZRKZaZYMktrygEZMnpdNE4xXYPzYwIp68	2025-04-04 03:40:07.602+00
ertjg9swqigyznrf2krb5a73lwknokpl	.eJxVj7tuwzAMAP-Fs2GIeli2x-75gqIwKImp1TRSYMloiyD_3qjNko3gHQ_gFcj7vKe60F5XTjV6qjGn5cx1zaHA_HqF_xlmuFApX3kL0AFVmNEqY6XVauiVHtAo28FeeEt05rt9yilluL118BdfGlpi6yA87Rz5E6cGwgel99z7nOoWXd-U_kFLf8iBP18e7lNgpbLer2l0x6CPk9KotCMUqKQVJqBxgxKjnILymohxkiKIoEj7kYNH0oalRNGihUtp__P3JW4_MIvbLz5CX9U:1tSvzo:UnkPJp0t1cLsyR8qQanOLNoQ75fWTA20iEXelThhMZI	2025-01-15 10:30:36.398+00
gmrq8fos2rndh1m9wi1jso4jmyyzqc9x	.eJxVj8tuwyAQAP9lzxbi6YCPvecLqspaYFPTNBAZrKSK8u8NbS65rXZmR9obYAhly23GrS2UWwrYUsnzidpSYoXp_Qb_M0xwxlovZY0wADaYxE6Z0VqpHJOjcVLoAbZKa8YTPexjybnA_WOAv_jc0Zx6R8DLzmM4Uu4gfmH-LCyU3NbkWVfYk1a2L5G-357uS2DBujyu0fpD1AentFDao-BCyR03URg_Km6liypoRBJO8sijQh0sxSBQG5JS8B6tVGv_n67ntP7AxO-_RG9f3A:1tSlnb:Z8_vllPvjXFFzx9UmdG6Lyqk2boy2wJzfOt1SC30wJE	2025-01-14 23:37:19.291+00
gnv96ikvqt0to9h0ujoh66jgizzd37oz	.eJxVj7tuwzAMAP-FsyHo5Uby2L1fUBQGJTK1mkYKLBlNEOTfG7VZshG84wG8AsZYttxm3NrCuaWILZU8H7kthSpM71f4n2GCE9b6U1aCAbDBpHbGu9F7p4XUUntvB9gqrxmPfLcPJecCt48B_uJzR3PqHQVPu4DxwLkD-sL8WUQsua0piK6IB63irRB_vz7cp8CCdblfowt7sntvrDI2oJLK6J0cSY3hxUinPZloEVl5LUmSQRsdU1RoR9ZayR6tXGv_n8-ntF5gkrdfSa5f4g:1tkH3m:gnLRzQGUG6SqEBJVyq0wSZv20vSsZvImGQQdiZOd7LQ	2025-03-04 06:26:22.041+00
gojkcmmztaeigpqglckvih12i3j62wj7	.eJxVj8FuwyAMQP_F5wgBJgnJcfd-wTRFBtyFdYUqEG1T1X9f2XrpzfJ7fpKvQN7nPdWF9rpyqtFTjTktZ65rDgXm1yv8zzDDhUr5yluADqjCrMZ-GFFpHAQOOKK1HeyFt0RnvtunnFKG21sHf_GloSW2joKnnSN_4tRA-KD0noXPqW7RiaaIBy3ikAN_vjzcp8BKZb1fk3XHYI4TGoXGkZIK9Sj7oHo3oLR6CugNEatJyyADkvGWg1dketZayRYtXEr7n78vcfuBWd5-AUJeX9o:1ut42m:aypJpSIJF3AWJYWJrmtvnn05w8RnryMejOSzUJ0Pg-g	2025-09-15 12:53:56.389+00
gxho3c2g960337icl2hd9jpppha0kowv	.eJxVj8tuwyAQAP9lzxbiZQM-9p4vqCprgU1N00BksNoqyr83tLnkttqZHWmvgCGUPbcF97ZSbilgSyUvZ2priRXm1yv8zzDDBWv9KluEAbDBLIyyRo6TNcw5M3FpBtgrbRnPdLdPJecCt7cB_uJLR0vqHQFPO4_hRLmD-IH5vbBQctuSZ11hD1rZoUT6fHm4T4EV63q_RuuPUR-d0kJpj4ILJQ0foxj9pLiVLqqgEUk4ySOPCnWwFINAPZKUgvdopVr7__R9SdsPzPz2C0-IX-k:1tfVyi:QFUwrKUEznwbtybX8dIgTOdb-GAc16JQB3eZyXCokPk	2025-02-19 03:21:28.035+00
h9rib6qj2n8odtmxe0gqp3bqst335qde	.eJxVj01PwzAMQP-Lz1WVT5L2yJ1fgFDlxB4NY8nUpAI07b-zwC67WX7PT_IFMMay57bg3lbOLUVsqeTlxG0tVGF-vcD_DDOcsdavshEMgA1m6awzk7HOjdorq_0Ae-Ut44lv8rHkXOD6NsBfe-loST0j4WEXMB45d0AfmN_LGEtuWwpjV8Y7reNLIf58vrsPgRXrertGHw5kDpM2UpuAUkitnLAkbXjSwquJdDSILCclSJBGEz1TlGgsKyVFj1autb_P3-e0_cAsrr8F_1-w:1uwGcj:v-xzV5CsZ4zlBh_320UXHKAv58EhiWbBWUVigbPeK5U	2025-09-24 08:56:17.408+00
hyyympb1tzrwftp642qh1tplrc6djdu2	.eJxVj8tuAjEMAP_F51WUJ_s49s4XVNXKiU03pSRokxVUiH8vablwszzjkXwDDCFvqc641YVTjQFrzGk-cV0yFZjeb_A_wwRnLOWSV4IOsMKkemed1dopIU3v5G7oYCu8Jjzxwz7mlDLcPzr4i88NzbF1FLzsPIYjpwboC9NnFiGnukYvmiKetIh9Jv5-e7ovgQXL8rjGwR_IHkZjlbEelVRG99KRcn5n5KBHMsEishq1JEkGbRiYgkLrWGslW7RwKe1_vp7j-gOTvP8CNmRfzA:1ujsaZ:6nzzQO_IzxE-j_4toNwFpqjRYWixgUM77RtvkxcZ750	2025-08-21 04:50:51.064+00
i8ml2pomw885a8uomt9qs8bgfg6g0ya4	.eJxVj7tuwzAMAP-Fs2GIetiyx-75gqIwKImp1TRSYMloiyD_3qjNko3gHQ_gFcj7vKe60F5XTjV6qjGn5cx1zaHA_HqF_xlmuFApX3kL0AFVmHE0oxmUNbKf5IAWVQd74S3Rme_2KaeU4fbWwV98aWiJrYPwtHPkT5waCB-U3nPvc6pbdH1T-gct_SEH_nx5uE-Blcp6vybrjkEfJ6VRaUcoUMlRmIDGDUpYOQXlNRHjJEUQQZH2loNH0oalRNGihUtp__P3JW4_MIvbL0LHX9o:1uwYe4:ewCyuge1yZ-tRXF9x0w5gdQa0EohoW5VEl1w14X4jJw	2025-09-25 04:10:52.954+00
j21kopk6msr2w0efwx3ogajv4f0xl1ue	.eJxVj8tqAzEMAP9F58VYfuzr2Hu-oJRFtpWum8YOay9tCfn3xm0uuQnNaEBXIO_znupCe1051eipxpyWM9c1hwLz6xX-Z5jhQqV85S1AB1RhxsH0OEhEJeygba-mDvbCW6Iz3-1TTinD7a2Dv_jS0BJbB-Fp58ifODUQPii9Z-Fzqlt0oiniQYs45MCfLw_3KbBSWe_XNLpjMMdJG9TGEUrUapA2oHW9lqOagvaGiHFSMsigyfiRg0cylpVC2aKFS2n_8_clbj8wy9svN_lfzg:1uAkc4:fnt0ZeDVKfeDdIAT418XonBYENFZqKyMuztrRmFtlvI	2025-05-16 07:15:12.649+00
jc895zl5fid25ic2boozi88oxs84hrpz	.eJxVj0luwzAMRe_CtSGIGuph2X1PUBQGJTG1mkYKLBlNEOTutdpssiLB__iAfwPyPm-pzrTVhVONnmrMaT5xXXIoML3f4H-HCc5Uyk9eA3RAFSbsLQ7SSolin7ofO9gKr4lOvMPHnFKG-0cHf-65RXNsGoSnmyN_5NSC8EXpMwufU12jEw0Rj7SItxz4-_XBPgkWKsv-TYM7BHMYtUFtHKFErXppA1r3ouWgxqC9IWIclQwyaDJ-4OCRjGWlUDZp4VJafb6c43qFSd5_Aey5X5M:1uYOVN:M2uqoBEF_6OgaTRcmk6r9wHaI9eoNKMC_-0k_zi5aEs	2025-07-20 12:30:01.212+00
juukc0bcw25ruem9kmuf2bw08jk5lg2w	.eJxVj01vwjAMQP-Lz1UV54OmPe7OL5imyknMmjES1KSCCfHfRzYu3Cy_5yf5BuR93lKdaasLpxo91ZjTfOK65FBger_B_wwTnKmUS14DdEAVJhyMHXDU2vYSjdop1cFWeE104od9zClluH908BefG5pj6yC87Bz5I6cGwhelz9z7nOoaXd-U_klLv8-Bv9-e7ktgobI8rsm6Q9CHUWlU2hEKVHIQJqBxOyWsHIPymohxlCKIoEh7y8EjacNSomjRwqW0__l6jusPTOL-C0EbX9g:1v1PGi:8XdMrU7re9sYylUigy_fydKpOKrGmijRBwFjncCt1Yw	2025-10-08 13:10:48.452+00
od78qrh2mvq2f1npej82h4u1p3ehcks5	.eJxVj8tqAzEMAP9F58VYfuzr2Hu-oJRFtpWum8YOay9tCfn3xm0uuQnNaEBXIO_znupCe1051eipxpyWM9c1hwLz6xX-Z5jhQqV85S1AB1RhxsFoa8feoMDBWtP3HeyFt0RnvtunnFKG21sHf_GloSW2DsLTzpE_cWogfFB6z8LnVLfoRFPEgxZxyIE_Xx7uU2Clst6vaXTHYI6TNqiNI5So1SBtQOt6LUc1Be0NEeOkZJBBk_EjB49kLCuFskULl9L-5-9L3H5glrdfQZ9f2Q:1tznFZ:UpUDCK1NFmh3bJ8hOFJGnrKyWx1xv7wfpKtt0oDbWuc	2025-04-16 01:50:41.212+00
oikm24ifv4n1863bgo0uf3axby4wy6iz	.eJxVj8tuwyAQAP9lzxbiZTA-9p4vqCprgU1N00BksNoqyr83tLnkttqZHWmvgCGUPbcF97ZSbilgSyUvZ2priRXm1yv8zzDDBWv9KluEAbDBLKw23ChnDXOjs9boAfZKW8Yz3e1TybnA7W2Av_jS0ZJ6R8DTzmM4Ue4gfmB-LyyU3LbkWVfYg1Z2KJE-Xx7uU2DFut6vcfLHqI9OaaG0R8GFkpaPUYzeKD5JF1XQiCSc5JFHhTpMFINAPZKUgvdopVr7__R9SdsPzPz2C1D6X-s:1uAJ0C:_SvsxUVznl8j78RkFfcH4uN18UYH9P6sZdL5Xc3JBiQ	2025-05-15 01:46:16.983+00
p3c25v9hf7snyx3ni1pkuf53wpajiahq	.eJxVj8FuwyAMht_F5whhIE3Icfc-wTRFBtyFdYUqEG1T1Xdf2HrpzfL3-5P_G5D3eUt1pq0unGr0VGNO84XrkkOB6fUG_zNMcKVSvvIaoAOqMOHQD7JHtFYMdrCjPXSwFV4TXXhPn3NKGe5vHfzJ54bm2DwITztH_sypgfBB6T0Ln1NdoxMtIh60iGMO_PnyyD4JFirLfk2jOwVzstqgNo5Qolb7gwF7d9ByVDZob4gYrZJBBk3Gjxw8kulZKZRNWriU1p-_r3H9gUnefwFULl_v:1uuPHT:ZTR1Su5IXWbObeKiLm_9ulxYaZXUiZFsQv0zOz029gU	2025-09-19 05:46:39.853+00
pqfzi3fscg12c6boqi34j7tid1bw4gtp	.eJxVj01PwzAMQP-Lz1WVT5L2yJ1fgFDlxB4NY8nUpAI07b-zwC67WX7PT_IFMMay57bg3lbOLUVsqeTlxG0tVGF-vcD_DDOcsdavshEMgA1m6axXxmvhRmGdUdYNsFfeMp74Zh9LzgWubwP8xZeOltQ7Eh52AeORcwf0gfm9jLHktqUwdmW80zq-FOLP57v7EFixrrdr9OFA5jBpI7UJKIXUyglL0oYnLbyaSEeDyHJSggRpNNEzRYnGslJS9GjlWvv__H1O2w_M4voLPyBf1g:1uzQhf:Sug4NlEX7xQFiPveJ6xrfIlclfFMDH7QfY6mxU-L0Fw	2025-10-03 02:18:27.094+00
r1bs35y7ngnqu8u4mrtnor6dqd069clr	.eJxVj8tuwyAQAP9lzxbiGbCPvecLqspaYFPTNBAZrKSK8u8NbS65rXZmR9obYAhly23GrS2UWwrYUsnzidpSYoXp_Qb_M0xwxlovZY0wADaYhDXWSW3FjlnujNNugK3SmvFED_tYci5w_xjgLz53NKfeEfCy8xiOlDuIX5g_CwsltzV51hX2pJXtS6Tvt6f7EliwLo9rdP4Q9WFUWijtUXChpOUmCuN3ijs5RhU0IolR8sijQh0cxSBQG5JS8B6tVGv_n67ntP7AxO-_Sjlf4w:1uxeVY:WJMEs-ODjNBDKjbVGLI_7pJ-PyFesX2WqipEaZWnNg4	2025-09-28 04:38:36.743+00
rgxak42f7t1xgmapkzhgcx0ge45i82kp	.eJxVj7tuwzAMAP-Fs2HoaVseu-cLisKgRKZW00iBJaMtgvx7ozZLNoJ3PIBXwBDynuqCe1051RiwxpyWM9c1U4H59Qr_M8xwwVK-8kbQAVaY5ajtINyoXa8HOSirOtgLbwnPfLdPOaUMt7cO_uJLQ0tsHQlPO4_hxKkB-sD0nvuQU92i75vSP2jpD5n48-XhPgVWLOv9Gid_JHN02khtPEohtRqFJWn9oMWkHOlgEFk6JUiQRhMmpiDRWFZKihYtXEr7n78vcfuBWdx-AT8_X9Y:1tSRNT:M9pqu-4teH2AfGnv4Kh6wv3fuZdRT0LjMhFayiQJaO8	2025-01-14 01:48:59.407+00
u9gdghjuq9al9swdegn151pv3zwt133i	.eJxVj7tuwzAMAP-Fs2GIeli2x-75gqIwKImp1TRSYMloiyD_3qjNko3gHQ_gFcj7vKe60F5XTjV6qjGn5cx1zaHA_HqF_xlmuFApX3kL0AFVmNEqY-0gBfZysGaUHeyFt0RnvsunnFKG21sHf-2loSW2DMLTzpE_cWogfFB6z73PqW7R9U3pH7T0hxz48-XhPgVWKuv9mkZ3DPo4KY1KO0KBSlphAho3KDHKKSiviRgnKYIIirQfOXgkbVhKFC1auJT2Pn9f4vYDs7j9AvgWX6A:1tT8gL:VgZ-buH0iAIuEGhodo8meogDQFxYqCAbZn-D6t8OfHc	2025-01-16 00:03:21.304+00
v700j69xvm1cqqhif00y4hudchrz5jzt	.eJxVj0luwzAMAP_Cs2Fo93LsPS8oCoMSmVpNIwWWjLYI8vdGbS65EZzhALwChpD3VBfc68qpxoA15rScua6ZCsyvV_ifYYYLlvKVN4IOsMIsB22t0XpwvTPCOWE72AtvCc98t085pQy3tw7-4ktDS2wdCU87j-HEqQH6wPSe-5BT3aLvm9I_aOkPmfjz5eE-BVYs6_0aR38kc5y0kdp4lEJqNQhL0nqnxagm0sEgspyUIEEaTRiZgkRjWSkpWrRwKe1__r7E7QdmcfsFO7df0g:1tSA76:dVPipoK7Wv6uHv_4e2jWmLspraXqowiC6rl34-54i1w	2025-01-13 07:22:56.66+00
vb5l3rgu09zva5untojrr5lm54mxadk8	.eJxVj7tuwzAMAP-Fs2FQL1v22D1fUBQGJTG1mkYKLBltEeTfG7VZshG84wG8Anmf91QX2uvKqUZPNea0nLmuORSYX6_wP8MMFyrlK28BOqAKsxiVHYZJoe6tGREH08FeeEt05rt9yilluL118BdfGlpi6wh42jnyJ04NhA9K77n3OdUtur4p_YOW_pADf7483KfASmW9X5N1x6CPk9JCaUcChZIjmiCMGxRaOQXlNRGLSWLAoEh7y8EL0oalFNiihUtp__P3JW4_MOPtF0HhX9k:1tfHJI:4w7ISfsLkFWdMUdTy_xdvRHl4by_s0vPJDOpplqZbW4	2025-02-18 11:41:44.877+00
velka4a5nty7tz82yflwomfm77v4vbmt	.eJxVj8tuwyAQRf9l1hbiWYOX3fcLqsoaYFLTNBAZrCaK8u81bTbZjebcOZp7AwyhbLnNuLWFcksBWyp5PlFbSqwwvd_gf4YJzljrT1kjDIANJjFqZUZrnGXOCMXtAFulNeOJ9vCx5Fzg_jHAn3vuaE5dI-Bp5zEcKXcQvzB_FhZKbmvyrEfYg1b2ViJ9vz6yT4IF67Jfo_WHqA9OaaG0R8GFkiM3URj_sj8nXVRBI5JwkkceFepgKQaB2pCUgndppVp7fbqc03qFid9_AQRQX64:1tzsRT:trFkmxHEnqcedNz0fCfKqbeyOjtOtoaXJsLrrSCPovc	2025-04-16 07:23:19.018+00
vlop9yld2ioximbkbgpp96hi7cxzuw7l	.eJxVj01vwjAMQP-Lz1WVD4e0Pe7OL5imyknMmjES1KSCCfHfRzYu3Cy_5yf5BuR93lKdaasLpxo91ZjTfOK65FBger_B_wwTnKmUS14DdEAVJmlRCmusFT3uBoNoOtgKr4lO_LCPOaUM948O_uJzQ3NsHQkvO0f-yKmB8EXpM_c-p7pG1zelf9LS73Pg77en-xJYqCyPaxrcIeBh1Cg1OpJCamWFCdK4nRaDGoP2SMRyVCKIoAn9wMFLQsNKSdGihUtp__P1HNcfmMT9Fz7uX9Y:1tpNLG:FvIifv_-MCoNrUQt1_UQmI9HVi4Qf1kG5zIrCAe_Wns	2025-03-18 08:09:30.5+00
vltqjt14yer9gd3dvic3mdbnb5x0o0na	.eJxVj8tuAjEMRf_F61GUJySz7J4vqKqRk5hOSknQJCOoEP_eScuGneVzfeR7BwyhrLlNuLaZcksBWyp5OlObS6wwvt_hf4YRLljrtSwRBsAGo9gbzblQ1rKdc8YINcBaacl4pi19KjkXeHwM8CefOppS9wh42XkMJ8odxC_Mn4WFktuSPOsR9qSVHUqk77dn9kUwY523a7T-GPXRKS2U9ii21-SemyiM3ylupYsqaEQSTvLIo0IdLMUgUBuSUvAurVRr70-3S1p-YOSPXz7mX9Y:1uhbsy:T4CJCD300y02HHjLrXLlfoRYKJsFXen5TiAJIJfX70k	2025-08-14 22:36:28.725+00
vvzfe33dg8owx7fu974dgydrkakxe309	.eJxVj0tuwzAMBe_CtSHo50T2svucoCgMSmRqNY0UWDKSIsjda7XZZEfyDQd4d8AQ8prqhGudOdUYsMacpjPXOVOB8f0O_zOMcMFSrnkh6AArjGpvzc4MzmrhtNm2voO18JLwzBt9yilleHx08CefWjTF5lHwcvMYTpxaQF-YPrMIOdUletEQ8UyLOGTi77cn-yKYsczbNzp_JHscjFXGelRSGb2XPane74x0eiATLCKrQUuSZNAGxxQU2p61VrJJC5fS-vPtEpcfGOXjF0DnX9g:1u08NG:fjaduQ_YrjYfVgfk6pyBjTOM3NqzIy58SHrXSCmusrs	2025-04-17 00:24:02.85+00
wcclvfy8x1h3lj4jse6oz2kanfnxj8kj	.eJxVj7tuwzAMAP-Fs2GIetiWx-75gqIwKImp1TRSYMloiyD_3qjNko3gHQ_gFcj7vKe60F5XTjV6qjGn5cx1zaHA_HqF_xlmuFApX3kL0AFVmHE0ZhhQW92P02gRZQd74S3Rme_2KaeU4fbWwV98aWiJrYPwtHPkT5waCB-U3nPvc6pbdH1T-gct_SEH_nx5uE-Blcp6v6bJHYM-WqVRaUcoUMlRmIDGDUpM0gblNRGjlSKIoEj7iYNH0oalRNGihUtp__P3JW4_MIvbL0YiX94:1uoZkt:km-EWLEC-8u0Xt6Hs8Kw_F9wUEIrn0NBT4-AXiv7E-c	2025-09-03 03:44:55.092+00
xc76r2rt45xnh6dula3sf69hjqeuti58	.eJxVj8tuwyAQRf9l1hbiZRu87D5fUFXWAJOapoHIYCVVlH-vabPJbjTnztHcO6D3eUt1xq0ulGr0WGNO85nqkkOB6f0O_zNMcMFSrnkN0AFWmMTY82EYjDVMcTNaYzrYCq0Jz7SnTzmlDI-PDv7kc0NzbB4BLzuH_kSpgfCF6TMzn1Ndo2Mtwp60sEMO9P32zL4IFizLfo3GHYM-WqWF0g4FF0qOvA-id8P-oLRBeY1IwkoeeFCovaHgBeqepBS8SQuV0vrT7RLXH5j44xdTgF_u:1uTcQs:VdzXIg7cnRwysn0qL3aFnsasUjMZiVZd9BGGZi4y8-4	2025-07-07 08:21:38.335+00
yblk5z2ugepgf71kwbfjfm4pk6phq06i	.eJxVj01vwjAMQP-Lz1WVD6ekPe7OL5imyknMmjES1KSCCfHfRzYu3Cy_5yf5BuR93lKdaasLpxo91ZjTfOK65FBger_B_wwTnKmUS14DdEAVJrnT1hitcOgtGkQxdLAVXhOd-GEfc0oZ7h8d_MXnhubYOhJedo78kVMD4YvSZ-59TnWNrm9K_6Sl3-fA329P9yWwUFke12TdIeBh1Cg1OpJCarUTJkjjBi2sGoP2SMRyVCKIoAm95eAloWGlpGjRwqW0__l6jusPTOL-Cz8yX9Y:1ten7O:UQdPNKx4ENUJsrXyU0rhGBu1Y-B5MqDwLjrItrvN2PQ	2025-02-17 03:27:26.876+00
yiii651zoaoy21aok0rjcn95g4l18ekt	.eJxVj8FOwzAMQP_F56qKk5SmPXLnCxCqnNijYSyZmlSApv07C-yym-X3_CRfgELIe6oL7XWVVGOgGnNaTlLXzAXm1wv8zzDDmUr5yhtDB1RhxnEYHTrrVG9Ga1CZDvYiW6KT3OxjTinD9a2Dv_jS0BJbB-Fh5ykcJTXAH5Tecx9yqlv0fVP6Oy39S2b5fL67D4GVynq7JucPbA-TsWisJ1Ro9KgGxsE_GeX0xCZYIsFJK1ZsyAYnHJDsIFqjatEipbT_5fsctx-Y1fUXOzNf0Q:1uxcsy:iswDyP6MKYoLv1d8YAlLoTNazCKPvnNC6gFIZFFoSac	2025-09-28 02:54:40.401+00
yugwoo0cgh07ni1wk68ihbvbc0r9xn5u	.eJxVj0luwzAMAP_Cs2FooePl2HteUBQGJTK1mkYKLBlJEeTvjdpcciM4wwF4A_I-bbHMtJVFYgmeSkhxPklZEmeY3m_wP8MEZ8r5klaGBqjApHvUAyLasVWq783ONLBlWSOd5GEfU4wJ7h8N_MXniuZQOxpedo78UWIF_EXxM7U-xbIG11alfdLc7hPL99vTfQkslJfHNQ3uwHgYLWqLjrTS1vSqY925nVWDGdl6JBI9GsWKLaEfhL0m7MQYrWo0S871f7mew_oDk7r_Ajn5X9A:1tsbJ9:DRxmKPgSbo1A99njCRNleSC0h7hS7ngrI8cF8gnufEg	2025-03-27 05:40:39.029+00
z558je352hnm9c7w5rp05fmzf01kmegf	.eJxVj8tqAzEMAP9F58VYfuzr2Hu-oJRFtpWum8YOay9tCfn3xm0uuQnNaEBXIO_znupCe1051eipxpyWM9c1hwLz6xX-Z5jhQqV85S1AB1RhxsH2EqXtrRilGdAMHeyFt0RnvtunnFKG21sHf_GloSW2DsLTzpE_cWogfFB6z8LnVLfoRFPEgxZxyIE_Xx7uU2Clst6vaXTHYI6TNqiNI5So1SBtQOt6LUc1Be0NEeOkZJBBk_EjB49kLCuFskULl9L-5-9L3H5glrdfOBFfzg:1uq2Z3:njCWX6PvAOujHC2sb6IQI6TpUuQ9Vr1O3aJhkgt6qFs	2025-09-07 04:42:45.83+00
zpdqspw3zbq473sd7ir0ddz7ur63xw4n	.eJxVj01vwjAMQP-Lz1WUr9Kmx935BdNUObFZM0aCmlQwIf77yMaFm-X3_CTfAEPIW6ozbnXhVGPAGnOaT1yXTAWm9xv8zzDBGUu55JWgA6wwqcE4a5Tc9cJJO4zWdrAVXhOe-GEfc0oZ7h8d_MXnhubYOgpedh7DkVMD9IXpM4uQU12jF00RT1rEPhN_vz3dl8CCZXlc4-gPZA_OWGWsRyWV0YPsSfV-Z-SoHZlgEVk5LUmSQRtGpqDQ9qy1ki1auJT2P1_Pcf2BSd5_AT7-X9Y:1tiTTl:UNTNne9l45x6eyAePKGWgIrpP_9br41XKrSEuCCQAgo	2025-02-27 07:17:45.923+00
9sigrugu2py5gw3hjyhq9wpyijf6is0d	.eJxVj8tuAjEMRf_F61GU1zCPJft-QVWNnNh0UiBBk4wKQvw7k5YNC0uW7_GRfQf0Pq2xTLiWmWMJHktIcTpzmRNlGD_v8N_DCBfM-TctBA1ggVF17aDlVkb01nba6AbWzEvEM2_0McWY4PHVwJ98qtEUqkfB28yhP3KsAf1g_E7Cp1iW4ERFxCvN4iMRn_Yv9k0wY563bezdgexhMFYZ61BJZXQnW1Kt2xnZ64GMt4istqtJkkHreyav0LastZJVmjnn-j9fL2G5wSgfTz2HX9Q:1v3Rp5:v_mxypPYrW0_5bjNlO9y0znh38BRIhr_ZK3PzaW7KgQ	2025-10-14 04:18:43.861229+00
4ifw79922uzppd8owdbaoyclyygsc3bf	.eJxVj8tOAzEMRf_F69EozoMms2TPFyA0chKXCaVJNckIUNV_ZwLddHflc31kX4FCKFtuM21t4dxSoJZKns_clhIrTK9X-M8wwYVq_SprhAGowYQH46Q16NTorNyjHWCrvGY6894-lZwL3N4G-JPPHc2pexAeZp7CiXMH8YPyexlDyW1NfuyV8U7r-FIifz7fuw-Cheqyb5P1x6iPTmlU2hMKVPIgTETjn5TYL4wqaCJGJ0UUUZEOlmNA0oalRNGllWvt__P3Ja0_MInbL1EWX-s:1v3mRe:S82VdMRp7bcHVEfAn4aRdNMyPZghum6FUO5Ar2VHU_s	2025-10-15 02:19:54.002347+00
zj79ueyb9t0ztkihj02ud4bk2ky5miel	.eJxVj8tuwyAQAP9lz5bF04CPvecLqspaYFPTNBAZrLaK8u8NbS65rXZmR9orYAhlz23Bva2UWwrYUsnLmdpaYoX59Qr_M8xwwVq_yhZhAGwwc6OdVmZyZjQTs8zYAfZKW8Yz3e1TybnA7W2Av_jS0ZJ6h8PTzmM4Ue4gfmB-L2MouW3Jj10ZH7SOhxLp8-XhPgVWrOv9Gq0_RnV0UnGpPHLGpTBMR679JJkVLsqgEIk7wSKLElWwFANHpUkIznq0Uq39f_q-pO0HZnb7BVFPX-s:1v4sjZ:BdYu0gn8WoeIb7Rb0EkOrV27JSaaoy6Vie5D0ewuZHQ	2025-10-18 03:14:57.777529+00
v78py4154rtph01ai6hschwyx8jlpycc	.eJxVj7tuwzAMAP-Fs2HoaVseu-cLisKgRKZW00iBJaMtgvx7ozZLNoJ3PIBXwBDynuqCe1051RiwxpyWM9c1U4H59Qr_M8xwwVK-8kbQAVaY5WjdKEZnXa-M04MdOtgLbwnPfLdPOaUMt7cO_uJLQ0tsHQlPO4_hxKkB-sD0nvuQU92i75vSP2jpD5n48-XhPgVWLOv9Gid_JHN02khtPEohtRqFJWn9oMWkHOlgEFk6JUiQRhMmpiDRWFZKihYtXEr7n78vcfuBWdx-AU-QX-k:1v5YQR:xr8HEfQ184gPwT4mCq3ykQ5G300ap7EFgUCUy1fH5QI	2025-10-19 23:45:59.273918+00
t8g4kmkpz11p30riahfimwxt5mmzoecg	.eJxVj8tOAzEMAP_F51WUJ0n2yJ0vQGjlJC4bSpNqkxWgqv9OA730ZnnGI_kCGGPdS19w7yuVniP2XMtyor7W1GB-vcD_DDOcsbWvuiWYADvMwhpvlePGMOuNNW6CvdFW8EQ3-VhLqXB9m-CvvQy05JER8LALGI9UBkgfWN4ri7X0LQc2FHanjb3URJ_Pd_chsGJbb9fowiHpg1daKB1QcKGk5SYJE54Ud9InFTUiCS954kmhjo5SFKgNSSn4iDZqbbxP3-e8_cDMr78K_V-2:1v5gFr:17LuiaEfi3iQzmY1tVD0p_LjX3ZMEOPSKCt_mWk1Ahw	2025-10-20 08:07:35.816052+00
59x4izubc9vcndi4ejyrvfqun9m155og	.eJxVj8tOAzEMAP_F51WUJ0n2yJ0vQGjlJC4bSpNqkxWgqv9OA730ZnnGI_kCGGPdS19w7yuVniP2XMtyor7W1GB-vcD_DDOcsbWvuiWYADvMwhpvvVLOMG2lddpNsDfaCp7oZh9rKRWubxP8xZeBljw6Ah52AeORygDpA8t7ZbGWvuXAhsLutLGXmujz-e4-BFZs6-0aXTgkffBKC6UDCi6UtNwkYcKT4k76pKJGJOElTzwp1NFRigK1ISkFH9FGrY3_6fuctx-Y-fUXUhxf7A:1v5ueH:Pvfq_Cp595V9UxTSV7MNNbTMHCBttzjtmspW7pSCLPU	2025-10-20 23:29:45.492152+00
fxennvb1eya5ncbfk66z753ciw1egcw7	.eJxVj8tuAjEMAP_F51WUJ_s49s4XVNXKiU03pSRokxVUiH8vablwszzjkXwDDCFvqc641YVTjQFrzGk-cV0yFZjeb_A_wwRnLOWSV4IOsMKk-p10vbO9FoOxWo-6g63wmvDED_uYU8pw_-jgLz43NMfWUfCy8xiOnBqgL0yfWYSc6hq9aIp40iL2mfj77em-BBYsy-MaB38gexiNVcZ6VFIZ3UtHyvmdkYMeyQSLyGrUkiQZtGFgCgqtY62VbNHCpbT_-XqO6w9M8v4LPk1f1Q:1v9C6a:7kdS075UUrX4Yv0Kh_EPgWqBbGiPEecdHTynUs4xnjQ	2025-10-30 00:44:32.855017+00
vatwn3aaxd3zdycriowrdreqfuamgeh0	.eJxVj8FuwjAMQP_F56qyk7S0Pe7OF0xT5SRmzRgJalLBhPj3kY0LN8vv-Um-ATuXtlhm3soisQTHJaQ4n6QsyWeY3m_wP8MEZ875klYPDXCBiXY9IXakse3NOBjsG9iyrJFP8rCPKcYE948G_uJzRXOoHYKXnWV3lFiB_-L4mVqXYlmDbavSPmlu98nL99vTfQksnJfHNQ_24M1h1Ia0sUxIWu2w89TZXuOgRq-dYRYaFXr0mo0bxDti04lShDWaJef6v1zPYf2BCe-_Mr1fyA:1vAzsY:oOATgDa8wyBOxMoKpRYibLAElFvv_UxYy-TuTYcNH3s	2025-11-04 00:05:30.667874+00
nropxaw47rdbv93bn1he4j4m8sp254u4	.eJxVj01vwjAMQP-Lz1UV54OmPe7OL5imyknMmjES1KSCCfHfRzYu3Cy_5yf5BuR93lKdaasLpxo91ZjTfOK65FBger_B_wwTnKmUS14DdEAVJhx2aAcrUPaDNKPRtoOt8JroxA_7mFPKcP_o4C8-NzTH1kF42TnyR04NhC9Kn7n3OdU1ur4p_ZOWfp8Df7893ZfAQmV5XJN1h6APo9KotCMUqOQgTEDjdkpYOQblNRHjKEUQQZH2loNH0oalRNGihUtp__P1HNcfmMT9F0QnX9w:1vEexI:LqmeauVyYDSACzJ0HFu2XVOozDlF7KXypT2vkEyfBEQ	2025-11-14 02:33:32.744628+00
qnnl8s8srvs3xpf38qluj1j4dtgiyrlw	.eJxVj7tuwzAMAP-Fs2HoZVvy2D1fUBQGJTK1mkYKLBltEeTfG7VZshG84wG8AoaQ91QX3OvKqcaANea0nLmumQrMr1f4n2GGC5bylTeCDrDCLKdRCevkaHtnRzMp08FeeEt45rt9yilluL118BdfGlpi60h42nkMJ04N0Aem99yHnOoWfd-U_kFLf8jEny8P9ymwYlnv12j9kczRaSO18SiF1GoSA8nBj1pY5UgHg8jSKUGCNJpgmYJEM7BSUrRo4VLa__x9idsPzOL2C0o_X-M:1vFXt3:A3tc1oO3Ouc0063fKhwdXN3siMYLMmEny3DFfCJPYXk	2025-11-16 13:12:49.004346+00
hjiva84oj78zpn7ktnmlq4v3n8r8tw7p	.eJxVj7tuwzAMAP-FsyHoZVv22D1fUBQGJTK1mkYKLBltEeTfG7VZshG84wG8AoaQ91QX3OvKqcaANea0nLmumQrMr1f4n2GGC5bylTeCDrDCrMZBG22NG8TYu8GNpoO98JbwzHf7lFPKcHvr4C--NLTE1lHwtPMYTpwaoA9M71mEnOoWvWiKeNAiDpn48-XhPgVWLOv9Gp0_kj1OxipjPSqpjB5lT6r3g5FOT2SCRWQ1aUmSDNrgmIJC27PWSrZo4VLa__x9idsPzPL2C0hNX-E:1vGX4s:PLcI0HfS_EwZ2AsgX66ws40mq7_s3AOcCwO_t38ABcs	2025-11-19 06:33:06.776348+00
adypdk22lozcb8lm4dwh5qke0a2hp52d	.eJxVj01vwjAMQP-Lz1WVr4a0x935BdNUObFZM0aCmlQwIf77yMaFm-X3_CTfAEPIW6ozbnXhVGPAGnOaT1yXTAWm9xv8zzDBGUu55JWgA6wwyZ1VRlhndT84o5XtYCu8JjzxQz7mlDLcPzr4a88NzbFlJLzsPIYjpwboC9Nn7kNOdY2-b0r_pKXfZ-Lvt6f7EliwLI9rdP5A5jBqI7XxKIXUaicGkoO3Wjg1kg4GkeWoBAnSaIJjChLNwEpJ0aKFS2nv8_Uc1x-YxP0X-cpfog:1vGsX9:FExDYahbCx2MPwUDjs85T09hVXd95BcK3Z78TfT5ZZ4	2025-11-20 05:27:43.591901+00
rcefk6g9yv3pg92sc8i05hla5vwotnd6	.eJxVj7tuwzAMAP-Fs2GIkvwcu-cLisKgRKZW00iBJaMtgvx7ozZLNoJ3PIBXIO_THstCe1klluCphBSXs5Q1cYb59Qr_M8xwoZy_0sbQABWYcejNNKBWfYsGLeqhgT3LFuksd_uUYkxwe2vgL75UtITaQXjaOfIniRXwB8X31PoUyxZcW5X2QXN7SCyfLw_3KbBSXu_XNLoj2-NkLBrrCBUaPaiOsXO9UaOe2HhLJDhpxYoNWT8KeyTbidaoajRLzvV_-b6E7QdmdfsFM0JfyA:1vNRUU:rTspvnJ-MS0xZLGA_P9TieB-H78VA5kKGH0hSsaLNaA	2025-12-08 08:00:06.150408+00
0tzaz3env8f4xug1psch4j1zl3odngoj	.eJxVj7tuwzAMAP-Fs2HoaVseu-cLisKgRKZW00iBJaMtgvx7ozZLNoJ3PIBXwBDynuqCe1051RiwxpyWM9c1U4H59Qr_M8xwwVK-8kbQAVaY5TgYO4ppsP3onDXadLAX3hKe-W6fckoZbm8d_MWXhpbYOhKedh7DiVMD9IHpPfchp7pF3zelf9DSHzLx58vDfQqsWNb7NU7-SObotJHaeJRCajUKS9L6QYtJOdLBILJ0SpAgjSZMTEGisayUFC1auJT2P39f4vYDs7j9AkwIX-U:1vPxUP:AIyY29lhRrDIEnet5piF8YluDH2B-fQWko9qZ5KOgMM	2025-12-15 06:34:25.815613+00
l5tsjfj7hct4dda9i760t7aig8e2yllt	.eJxVj8tuwyAQAP9lzxbiabCPvecLqspaYFPTNBAZrLaK8u8NbS65rXZmR9orYAhlz23Bva2UWwrYUsnLmdpaYoX59Qr_M8xwwVq_yhZhAGwwCzvq0WhtHVNuUtbYAfZKW8Yz3e1TybnA7W2Av_jS0ZJ6R8DTzmM4Ue4gfmB-LyyU3LbkWVfYg1Z2KJE-Xx7uU2DFut6v0flj1MdJaaG0R8GFkpabKIwfFXdyiipoRBKT5JFHhTo4ikGgNiSl4D1aqdb-P31f0vYDM7_9Ak9bX-k:1vQJF0:WfSlgwuc6uwgR8584aWj2y2vTk2mAvd7IcCH341X_mY	2025-12-16 05:47:58.407273+00
48cjemsu6kzwcrooxj317tqw7w1169xs	.eJxVj0luwzAMAP_Cs2Fo93LsPS8oCoMSmVpNIwWWjLYI8vdGbS65EZzhALwChpD3VBfc68qpxoA15rScua6ZCsyvV_ifYYYLlvKVN4IOsMIsB2cG5exge2eMm8TYwV54S3jmu33KKWW4vXXwF18aWmLrSHjaeQwnTg3QB6b33Iec6hZ935T-QUt_yMSfLw_3KbBiWe_XOPojmeOkjdTGoxRSq0FYktY7LUY1kQ4GkeWkBAnSaMLIFCQay0pJ0aKFS2n_8_clbj8wi9svSWtf4g:1vQbzr:_jJhSsDf0HUdI-fF_q7Z-0tbxqXV4x2RUR_4RydqPJg	2025-12-17 01:49:35.661088+00
ul6c9kv7gqcv4cg93kedvcmzcgbyi8xv	.eJxVj8tOAzEMAP_F51XkvPZ15N4vQGjlJC4bSpNqkxWgqv9OA730ZnnGI_kK5H3eU11oryunGj3VmNNy5rrmUGB-vcL_DDNcqJSvvAXogCrMcugtDgqtEhq1VNh3sBfeEp35bp9yShlubx38xZeGltg6Ep52jvyJUwPhg9J7Fj6nukUnmiIetIhDDvz58nCfAiuV9X5NozsGc5y0kdo4kii1GtAGaV2vcVRT0N4QsZwUBgyajB85eEnGslISW7RwKe1__r7E7QdmvP0CKcJfvQ:1vS3s4:NX294jY78xkI70evjeBnbVutA9AKmyTrlrxnTeqvFlk	2025-12-21 01:47:32.319067+00
3veiu0lmk0ykst4zsd3a1eawkvalcee6	.eJxVj8tqAzEMAP9F58VYfuzr2Hu-oJRFtpWum8YOay9tCfn3xm0uuQnNaEBXIO_znupCe1051eipxpyWM9c1hwLz6xX-Z5jhQqV85S1AB1RhxqG3U4-yV8JKHLTtYC-8JTrzXT7llDLc3jr4ay8NLbFlEJ52jvyJUwPhg9J7Fj6nukUnmiIetIhDDvz58nCfAiuV9X5NozsGc5y0QW0coUStBmkDWtdrOaopaG-IGCclgwyajB85eCRjWSmULVq4lPY-f1_i9gOzvP0C8_tfmw:1vVn8w:1XaSRxyz-WKbPQx8jdx4miaCrCeSQudHWEgMcuiOqm4	2025-12-31 08:44:22.512042+00
\.


--
-- Data for Name: invoice_accountitem; Type: TABLE DATA; Schema: public; Owner: konno
--

COPY public.invoice_accountitem (id, invoice_date, payment_due, action_date, action_name, action_note, invoice_bt, invoice_tax, invoice_at, flag, slug, company_id, item_code_id) FROM stdin;
8	2025-01-01	2025-01-31	2024-12-01	業務委託費	\N	300000	30000	330000	t	C01-202501	3	1
9	2025-01-01	2025-01-31	2024-12-01	業務委託費	\N	200000	20000	220000	t	C02-202501	4	1
10	2025-01-01	2025-01-31	2024-12-01	業務委託費	\N	75000	7500	82500	t	G01-202501	5	1
11	2024-10-01	2024-10-31	2024-09-01	業務委託費	29.5時間	177090	17709	194799	t	D01-202410	9	1
12	2024-10-01	2024-10-31	2024-09-01	業務委託費	\N	50000	5000	55000	t	C03-202410	1	1
13	2024-10-01	2024-10-31	2024-09-01	業務委託費	\N	300000	30000	330000	t	C01-202410	3	1
14	2024-10-01	2024-10-31	2024-09-01	業務委託費	\N	200000	20000	220000	t	C02-202410	4	1
15	2024-11-01	2024-11-30	2024-10-01	業務委託費	\N	50000	5000	55000	t	C03-202411	1	1
16	2024-11-01	2024-11-30	2024-10-01	業務委託費	\N	200000	20000	220000	t	C02-202411	4	1
17	2024-11-01	2024-11-30	2024-10-01	業務委託費	\N	300000	30000	330000	t	C01-202411	3	1
18	2024-11-01	2025-01-31	2024-09-01	業務委託費	\N	3456204	0	3456204	t	H01-202411	6	3
19	2024-11-01	2025-01-31	2024-09-01	業務委託費	\N	2239400	0	2239400	t	O01-202411	7	3
20	2024-11-01	2025-01-31	2024-09-01	業務委託費	\N	1225400	0	1225400	t	P01-202411	8	3
22	2024-12-01	2024-12-31	2024-11-01	業務委託費	\N	300000	30000	330000	t	C01-202412	3	1
23	2024-12-01	2024-12-31	2024-11-01	業務委託費	\N	200000	20000	220000	t	C02-202412	4	1
25	2025-01-01	2025-01-31	2024-12-01	業務委託費	\N	50000	5000	55000	t	C03-202501	1	1
26	2024-12-01	2024-12-31	2024-11-01	業務委託費	\N	50000	5000	55000	t	C03-202412	1	1
27	2025-02-01	2025-02-28	2025-01-01	業務委託費	\N	300000	30000	330000	t	C01-202502	3	1
28	2025-02-01	2025-02-28	2025-01-01	業務委託費	\N	75000	7500	82500	t	G01-202502	5	1
29	2025-02-01	2025-02-28	2025-01-01	2024年12月回収分	10-12月回収	3406667	0	3406667	t	H01-202502	6	3
30	2025-02-01	2025-02-28	2025-01-01	2024年12月回収分	10-12月回収	2207500	0	2207500	t	O01-202502	7	3
31	2025-02-01	2025-02-28	2025-01-01	2024年12月回収分	10-12月回収	1265400	0	1265400	t	P01-202502	8	3
32	2025-02-01	2025-02-28	2025-01-01	業務委託費	\N	200000	20000	220000	t	C02-202502	4	1
33	2025-02-01	2025-02-28	2025-01-01	立替-建物管理(1)、ごみ処理(12)、備品代(1)	店舗流通ネット	303604	30360	333964	t	C02-202502	4	2
34	2025-02-01	2025-02-28	2025-01-01	振込手数料　4か所	\N	2400	240	2640	t	C02-202502	4	1
35	2025-02-01	2025-02-28	2025-01-01	立替-4階トイレ機器不具合対応	店舗流通ネット	43000	4300	47300	t	C02-202502	4	2
36	2025-02-01	2025-02-28	2025-01-01	立替-1月分 15,969kWh	ミツウロコ電気料金	529129	52912	582041	t	C02-202502	4	2
37	2025-02-01	2025-02-28	2025-01-01	立替-1月分	アロマスター	5000	500	5500	t	C02-202502	4	2
38	2025-02-01	2025-02-28	2025-01-01	立替-保証金返還(5F)	ステータス	1047464	0	1047464	t	C02-202502	4	3
39	2025-02-01	2025-02-28	2025-01-01	業務委託費	\N	200000	20000	220000	t	C03-202502	1	1
40	2025-02-01	2025-02-28	2025-01-01	立替-植栽カット	ユニバーサル園芸	45000	4500	49500	t	C03-202502	1	2
41	2025-02-01	2025-02-28	2025-01-01	振込手数料　4先	\N	2400	240	2640	t	C03-202502	1	1
42	2025-02-01	2025-02-28	2025-01-01	立替-廃棄物処理-１２月分	サンフロンティア	133540	13354	146894	t	C03-202502	1	2
43	2025-02-01	2025-02-28	2025-01-01	立替-電気料-12/2-1/1	サンフロンティア	1003188	100318	1103506	t	C03-202502	1	2
44	2025-02-01	2025-02-28	2025-01-01	立替-マットリース-12月分	サンフロンティア	16200	1620	17820	t	C03-202502	1	2
45	2025-02-01	2025-02-28	2025-01-01	立替-マットリース-1月分	サンフロンティア	10800	1080	11880	t	C03-202502	1	2
46	2025-02-01	2025-02-28	2025-01-01	立替-BM管理-1月分	日本管財	580900	58090	638990	t	C03-202502	1	2
47	2025-02-01	2025-02-28	2025-01-01	立替-トイレットペーパー-1月分	日本管財	12000	1200	13200	t	C03-202502	1	2
48	2025-02-01	2025-02-28	2025-01-01	立替-廃棄物処理-１月分	日本管財	117320	11732	129052	t	C03-202502	1	2
49	2025-02-01	2025-02-28	2025-01-01	立替-水道料金-11/8-1/8 347m3	東京都水道局	167306	16730	184036	t	C03-202502	1	1
50	2025-03-01	2025-03-31	2025-02-01	業務委託費	\N	300000	30000	330000	t	C01-202503	3	1
51	2025-03-01	2025-03-31	2025-02-01	業務委託費	\N	200000	20000	220000	t	C03-202503	1	1
52	2025-03-01	2025-03-31	2025-02-01	業務委託費	\N	200000	20000	220000	t	C02-202503	4	1
53	2025-03-01	2025-03-31	2025-02-01	立替-BM管理費	TRN	375829	37582	413411	t	C02-202503	4	2
54	2025-03-01	2025-03-31	2025-02-01	立替-電気料金	ミツウロコ	546892	54689	601581	t	C02-202503	4	2
55	2025-03-01	2025-03-31	2025-02-01	立替-アロマ	アロマスター	5000	500	5500	t	C02-202503	4	2
56	2025-03-01	2025-03-31	2025-02-01	業務委託費	振込手数料	1800	180	1980	t	C02-202503	4	1
57	2025-03-01	2025-03-31	2025-02-01	立替-BM管理費	日本管財	693090	69309	762399	t	C03-202503	1	2
58	2025-03-01	2025-03-31	2025-02-01	業務委託費	振込手数料	2400	240	2640	t	C03-202503	1	1
59	2025-03-01	2025-03-31	2025-02-01	業務委託費	\N	75000	7500	82500	t	G01-202503	5	1
60	2025-03-01	2025-03-31	2025-02-01	立替-水道料金 1/9~3/6	東京都水道局	134570	13457	148027	t	C03-202503	1	2
61	2025-03-01	2025-03-31	2025-02-01	立替-共用部改修工事 1/2回目	㈱J WIll Estate	3731818	373182	4105000	t	C03-202503	1	2
62	2025-03-01	2025-03-31	2025-02-01	立替-電気料金	ミツウロコグリーンエネルギー	923063	92306	1015369	t	C03-202503	1	2
63	2025-04-02	2025-04-30	2025-03-01	業務委託費	\N	300000	30000	330000	t	C01-202504	3	1
64	2025-04-02	2025-04-30	2025-03-01	業務委託費	\N	75000	7500	82500	t	G01-202504	5	1
65	2025-04-02	2025-04-30	2025-03-01	業務委託費	\N	200000	20000	220000	t	C03-202504	1	1
66	2025-04-02	2025-04-30	2025-03-01	業務委託費	\N	200000	20000	220000	t	C02-202504	4	1
67	2025-04-01	2025-04-30	2025-03-01	立替-4F ウォシュレット	店舗流通ネット	127500	12750	140250	t	C02-202504	4	2
68	2025-04-01	2025-04-30	2025-03-01	立替-建物管理業務委託費等	店舗流通ネット	287149	28714	315863	t	C02-202504	4	2
69	2025-04-01	2025-04-30	2025-03-01	立替-ｴｯｾﾝｼｬﾙｵｲﾙ	アロマスター	5000	500	5500	t	C02-202504	4	2
70	2025-04-01	2025-04-30	2025-03-01	立替-電気代	ミツウロコグリーンエネルギー	504008	50400	554408	t	C02-202504	4	2
71	2025-04-01	2025-04-30	2025-03-01	振込手数料　３先	\N	1800	180	1980	t	C02-202504	4	1
72	2025-04-01	2025-04-30	2025-03-01	立替-地階媒介業務委託	三鬼商事株式会社	1430000	143000	1573000	t	C03-202504	1	2
73	2025-04-01	2025-04-30	2025-03-01	業務委託費	地階・駐車場契約締結	150000	15000	165000	t	C03-202504	1	1
74	2025-04-01	2025-04-30	2025-03-01	立替-フロアマット	ダイオーズ	10800	1080	11880	t	C03-202504	1	2
75	2025-04-01	2025-04-30	2025-03-01	立替-電気代	ミツウロコグリーンエネルギー	908686	90868	999554	t	C03-202504	1	2
76	2025-04-01	2025-04-30	2025-03-01	振込手数料　4先	\N	2400	240	2640	t	C03-202504	1	1
77	2025-04-01	2025-04-30	2025-03-01	立替-建物管理業務委託費等	日本管財	580900	58090	638990	t	C03-202504	1	1
78	2025-04-01	2025-04-30	2025-03-01	立替-廃棄物処理代行業務	日本管財	120030	12003	132033	t	C03-202504	1	1
79	2025-05-01	2025-05-31	2025-04-01	業務委託費	\N	300000	30000	330000	t	C01-202505	3	1
80	2025-05-01	2025-05-31	2025-04-01	業務委託費	\N	200000	20000	220000	t	C02-202505	4	1
81	2025-05-01	2025-05-31	2025-04-01	業務委託費	\N	200000	20000	220000	t	C03-202505	1	1
82	2025-05-01	2025-05-31	2025-04-01	業務委託費	\N	150000	15000	165000	t	G01-202505	5	1
83	2025-05-01	2025-05-31	2025-04-01	立替-建物管理業務委託	店舗流通ネット	313636	31363	344999	t	C02-202505	4	2
84	2025-05-01	2025-05-31	2025-04-01	振込手数料	\N	1800	180	1980	t	C02-202505	4	1
85	2025-05-01	2025-05-31	2025-04-01	立替-電気料金請求	ミツウロコグリーンエネルギー	457175	45717	502892	t	C02-202505	4	1
86	2025-05-01	2025-05-31	2025-04-01	立替-アロマ	アロマスター	5000	500	5500	t	C02-202505	4	1
87	2025-05-01	2025-05-31	2025-04-01	収入印紙	４００円２枚	800	0	800	t	C03-202505	1	3
88	2025-05-01	2025-05-31	2025-04-01	電気料金	ミツウロコ	684272	68427	752699	t	C03-202505	1	2
89	2025-05-01	2025-05-31	2025-04-01	水道 3/7 - 5/8	東京都水道局	85981	8598	94579	t	C03-202505	1	2
90	2025-05-01	2025-05-31	2025-04-01	フロアマット 4/11-4/24	ダイオーズ	10800	1080	11880	t	C03-202505	1	2
91	2025-05-01	2025-05-31	2025-04-01	B1共用部回収　最終分割金	JWILL Estate	3731819	373181	4105000	t	C03-202505	1	2
92	2025-05-01	2025-05-31	2025-04-01	建物管理費	日本管財	755220	75522	830742	t	C03-202505	1	2
93	2025-05-01	2025-05-31	2025-04-01	未払電気代、マットリース	サンフロンティア	991535	99153	1090688	t	C03-202505	1	2
94	2025-05-01	2025-05-31	2025-04-01	敷金返金-１０階テナント	株式会社アミノ	2980740	0	2980740	t	C03-202505	1	3
95	2025-05-01	2025-05-31	2025-04-01	業務委託費	地階工事管理費	100000	10000	110000	t	C03-202505	1	1
96	2025-05-01	2025-05-31	2025-04-01	業務委託費	振込手数料7先	4200	420	4620	t	C03-202505	1	1
97	2025-06-01	2025-06-30	2025-05-01	業務委託費	\N	350000	35000	385000	t	JWE-202506	10	1
98	2025-06-01	2025-06-30	2025-05-01	業務委託費	\N	300000	30000	330000	t	C01-202506	3	1
99	2025-06-01	2025-06-30	2025-05-01	業務委託費	\N	200000	20000	220000	t	C03-202506	1	1
100	2025-06-01	2025-06-30	2025-05-01	業務委託費	\N	150000	15000	165000	t	G01-202506	5	1
101	2025-06-01	2025-06-30	2025-05-01	業務委託費	\N	200000	20000	220000	t	C02-202506	4	1
102	2025-06-01	2025-06-30	2025-05-01	業務委託費	５階賃貸借契約及びLED工事監督	150000	15000	165000	t	C03-202506	1	1
103	2025-06-01	2025-06-30	2025-05-01	業務委託費	築地センタービル:初期調査費用	300000	30000	330000	t	C031-202506	11	1
104	2025-06-01	2025-06-30	2025-05-01	業務委託費	振込手数料	1800	180	1980	t	C02-202506	4	1
105	2025-06-01	2025-06-30	2025-05-01	立替：建物管理費	店舗流通ネット	302536	30253	332789	t	C02-202506	4	2
106	2025-06-01	2025-06-30	2025-05-01	立替：9階女子トイレ排水つまり	店舗流通ネット	70000	7000	77000	t	C02-202506	4	1
107	2025-06-01	2025-06-30	2025-05-01	立替：エッセンシャルオイル	アロマスター	5000	500	5500	t	C02-202506	4	1
108	2025-06-01	2025-06-30	2025-05-01	立替：電気料金 4/11-5/10	ミツウロコグリーンエネルギー	380477	38047	418524	t	C02-202506	4	1
109	2025-06-01	2025-06-30	2025-05-01	立替：地階・５階表札工事	J WILL Estate - （７月分賃料請求時に各テナントに請求済）	150000	15000	165000	t	C03-202506	1	2
110	2025-06-01	2025-06-30	2025-05-01	立替：５階LED工事	J WILL Estate	1556364	155636	1712000	t	C03-202506	1	2
111	2025-06-01	2025-06-30	2025-05-01	立替：AD業務委託	XYMAZ	1165445	116544	1281989	t	C03-202506	1	2
112	2025-06-01	2025-06-30	2025-05-01	立替：AD業務委託	CBRE	1160000	116000	1276000	t	C03-202506	1	2
113	2025-06-01	2025-06-30	2025-05-01	立替：電気料金	ミツウロコ	602064	60206	662270	t	C03-202506	1	2
116	2025-06-01	2025-06-30	2025-05-01	立替：総合管理業務	日本管財	727280	72728	800008	t	C03-202506	1	2
118	2025-06-01	2025-06-30	2025-05-01	業務委託費	振込手数料（６件）	3600	360	3960	t	C03-202506	1	1
119	2025-06-01	2025-06-30	2025-05-01	立替：マットリース	ダイオーズ	10800	1080	11880	t	C03-202506	1	2
120	2025-07-01	2025-07-31	2025-06-01	業務委託費	築地センタービル5階LED工事補助	150000	15000	165000	t	JWE-202507	10	1
121	2025-07-01	2025-07-31	2025-06-01	業務委託費	\N	150000	15000	165000	t	G01-202507	5	1
122	2025-07-01	2025-07-31	2025-06-01	業務委託費	\N	300000	30000	330000	t	C01-202507	3	1
123	2025-07-01	2025-07-31	2025-06-01	業務委託費	\N	200000	20000	220000	t	C02-202507	4	1
124	2025-07-01	2025-07-31	2025-06-01	業務委託費	\N	200000	20000	220000	t	C03-202507	1	1
125	2025-07-01	2025-07-31	2025-06-01	立替：電気料金	ミツウロコグリーンエナジー	422515	42251	464766	t	C02-202507	4	2
126	2025-07-01	2025-07-31	2025-06-01	立替：6階トイレ内備品補修	店舗流通ネット	30500	3050	33550	t	C02-202507	4	2
127	2025-07-01	2025-07-31	2025-06-01	立替：6階空調機緊急点検	店舗流通ネット	49000	4900	53900	t	C02-202507	4	2
128	2025-07-01	2025-07-31	2025-06-01	立替：建物管理業務委託	店舗流通ネット	292019	29201	321220	t	C02-202507	4	2
129	2025-07-01	2025-07-31	2025-06-01	立替：アロマ月額	アロマスター	5000	500	5500	t	C02-202507	4	2
130	2025-07-01	2025-07-31	2025-06-01	業務委託費	振込手数料3件	1800	180	1980	t	C02-202507	4	1
131	2025-07-01	2025-07-31	2025-06-01	業務委託費	振込手数料６件	3600	360	3960	t	C03-202507	1	1
132	2025-07-01	2025-07-31	2025-06-01	立替：総合管理業務	日本管財	612900	61290	674190	t	C03-202507	1	2
133	2025-07-01	2025-07-31	2025-06-01	立替：トイレットペーパー代	日本管財	12000	1200	13200	t	C03-202507	1	2
134	2025-07-01	2025-07-31	2025-06-01	立替：廃棄物処理	日本管財	80000	8000	88000	t	C03-202507	1	2
135	2025-07-01	2025-07-31	2025-06-01	立替：非常用発電設備試験	日本管財	170000	17000	187000	t	C03-202507	1	2
136	2025-07-01	2025-07-31	2025-06-01	立替：水道代　5/9-7/7 168m3	東京都水道局	76474	7647	84121	t	C03-202507	1	2
137	2025-07-01	2025-07-31	2025-06-01	立替：マットリース　6/06-6/20	ダイオーズ	10800	1080	11880	t	C03-202507	1	2
138	2025-07-01	2025-07-31	2025-06-01	立替：電気代	ミツウロコ	684350	68435	752785	t	C03-202507	1	2
139	2025-07-01	2025-07-31	2025-06-01	立替：保証金返還	テーブルマーク株式会社	13006500	0	13006500	t	C03-202507	1	3
140	2025-07-01	2025-07-31	2025-06-01	立替：保証金返還	ケイエス冷凍食品株式会社	10534650	0	10534650	t	C03-202507	1	3
141	2025-08-01	2025-08-31	2025-07-01	業務委託費	\N	300000	30000	330000	t	C01-202508	3	1
142	2025-07-01	2025-07-31	2025-06-01	2025年4月-6月回収分	\N	3362714	0	3362714	t	H01-202507	6	3
143	2025-07-01	2025-07-31	2025-06-01	2025年4月-6月回収分	\N	2347400	0	2347400	t	O01-202507	7	3
144	2025-07-01	2025-07-31	2025-06-01	2025年4月-6月回収分	\N	1070180	0	1070180	t	P01-202507	8	3
145	2025-04-01	2025-04-30	2025-04-01	2025年1月－3月回収分	\N	3184144	0	3184144	t	H01-202504	6	3
146	2025-04-01	2025-04-30	2025-04-01	2025年1月－3月回収分	\N	2297400	0	2297400	t	O01-202504	7	3
147	2025-04-01	2025-04-30	2025-04-01	2025年1月－3月回収分	\N	1361450	0	1361450	t	P01-202504	8	3
148	2025-08-01	2025-08-31	2025-07-01	業務委託費	\N	200000	20000	220000	t	C02-202508	4	1
149	2025-08-01	2025-08-31	2025-07-01	業務委託費	\N	150000	15000	165000	t	G01-202508	5	1
150	2025-08-01	2025-08-31	2025-07-01	立替：建物管理業務委託費	店舗流通ネット	291267	29126	320393	t	C02-202508	4	2
151	2025-08-01	2025-08-31	2025-07-01	立替：電気代	ミツウロコ	561312	56131	617443	t	C02-202508	4	2
152	2025-08-01	2025-08-31	2025-07-01	立替：芳香剤	アロマスター	5000	500	5500	t	C02-202508	4	2
153	2025-08-01	2025-08-31	2025-07-01	業務委託費	振込手数料 ３先	1800	180	1980	t	C02-202508	4	1
154	2025-08-01	2025-08-31	2025-07-01	業務委託費	\N	200000	20000	220000	t	C03-202508	1	1
156	2025-08-01	2025-08-31	2025-07-01	立替：建物管理費	日本管財	743630	74363	817993	t	C03-202508	1	2
157	2025-08-01	2025-08-31	2025-07-01	立替：電気料金	ミツウロコ (7/2, 8/1)	812575	81257	893832	t	C03-202508	1	2
158	2025-08-01	2025-08-31	2025-07-01	立替：リースマット	ダイオーズ (7/4, 7/18, 7/31)	16200	1620	17820	t	C03-202508	1	2
159	2025-08-01	2025-08-31	2025-07-01	業務委託費	振込手数料	3000	300	3300	t	C03-202508	1	1
160	2025-08-01	2025-08-31	2025-07-01	業務委託費	地階（駐車場）７階（賃貸借契約）	150000	15000	165000	t	C03-202508	1	1
161	2025-08-01	2025-08-31	2025-07-01	業務委託費	消耗品購入品（請求書、明細別添）	43388	4338	47726	t	C03-202508	1	1
162	2025-08-01	2025-08-31	2025-07-01	立替：改修修繕工事等	J WILL Estate - ５階防災工事（テナント請求済）地階-緊急点検口開設工事 5階-共用部原状回復(1/2) ７階-照明工事	1196182	119618	1315800	t	C03-202508	1	2
163	2025-08-01	2025-08-31	2025-07-01	立替：業務委託費	KEN CORP(7F Embassy of Mauritius)	2761160	276115	3037275	t	C03-202508	1	1
164	2025-09-01	2025-09-30	2025-08-01	業務委託費	\N	300000	30000	330000	t	C01-202509	3	1
165	2025-09-01	2025-09-30	2025-08-01	業務委託費	\N	150000	15000	165000	t	G01-202509	5	1
166	2025-09-01	2025-09-30	2025-08-01	業務委託費	\N	200000	20000	220000	t	C02-202509	4	1
167	2025-09-01	2025-09-30	2025-08-01	業務委託費	５階原状回復完了	80000	8000	88000	t	JWE-202509	10	1
168	2025-09-01	2025-09-30	2025-08-01	業務委託費	地階点検口開設	5000	500	5500	t	JWE-202509	10	1
169	2025-09-01	2025-09-30	2025-08-01	立替：３階原状回復工事（保証金より控除 1/3回目)	J Will Estate	996000	99600	1095600	t	C02-202509	4	2
170	2025-09-01	2025-09-30	2025-08-01	立替：電気代金	ミツウロコグリーンエナジー	580290	58029	638319	t	C02-202509	4	2
171	2025-09-01	2025-09-30	2025-08-01	立替：3階女子トイレ排水詰まり対応(8/3)	店舗流通ネット	79000	7900	86900	t	C02-202509	4	2
172	2025-09-01	2025-09-30	2025-08-01	立替：9階女子トイレ排水詰まり対応(8/14)	店舗流通ネット	49000	4900	53900	t	C02-202509	4	2
173	2025-09-01	2025-09-30	2025-08-01	立替：建物管理費他	店舗流通ネット	307538	30753	338291	t	C02-202509	4	2
174	2025-09-01	2025-09-30	2025-08-01	立替：アロマ	アロマスター	5000	500	5500	t	C02-202509	4	2
175	2025-09-01	2025-09-30	2025-08-01	業務委託費	振込手数料	1800	180	1980	t	C02-202509	4	1
176	2025-09-01	2025-09-30	2025-08-01	業務委託費	\N	200000	20000	220000	t	C03-202509	1	1
177	2025-09-01	2025-09-30	2025-08-01	業務委託費	振込手数料	3000	300	3300	t	C03-202509	1	1
178	2025-09-01	2025-09-30	2025-08-01	立替：建物管理費他	日本管財	876380	87638	964018	t	C03-202509	1	2
179	2025-09-01	2025-09-30	2025-08-01	立替：電気代金	ミツウロコグリーンエナジー(7/2-8/1)	812575	81257	893832	t	C03-202509	1	2
180	2025-09-01	2025-09-30	2025-08-01	立替：9/11階原状回復工事（保証金より控除 1/3回目)	J Will Estate	2805061	280506	3085567	t	C03-202509	1	2
181	2025-09-01	2025-09-30	2025-08-01	立替：５階原状回復、地階換気扇マンホール	J Will Estate	901682	90168	991850	t	C03-202509	1	2
182	2025-09-01	2025-09-30	2025-08-01	立替：マットリース	ダイオーズ	10800	1080	11880	t	C03-202509	1	2
183	2025-09-01	2025-09-30	2025-08-01	業務委託費	地階トイレ換気扇工事	50000	5000	55000	t	C03-202509	1	1
184	2025-09-01	2025-09-30	2025-08-01	立替：水道代	水道局 173m3 7/8-9/5	78539	7853	86392	t	C03-202509	1	2
185	2025-09-01	2025-09-30	2025-08-01	業務委託費	７階館銘板制作（テナント請求済）	52000	5200	57200	t	C03-202509	1	1
187	2025-10-01	2025-10-31	2025-09-01	業務委託費	\N	150000	15000	165000	t	G01-202510	5	1
188	2025-10-01	2025-10-31	2025-09-01	業務委託費	\N	200000	20000	220000	t	C02-202510	4	1
186	2025-10-01	2025-10-31	2025-09-01	業務委託費	\N	300000	30000	330000	t	C01-202510	3	1
190	2025-10-01	2025-10-31	2025-09-01	立替金：家賃保証	フォーシーズ保証委託料（テナント負担）	380275	0	380275	t	C02-202510	4	3
194	2025-10-01	2025-10-31	2025-09-01	立替金：電気料金	ミツウロコグリーンエネルギー	589740	58974	648714	t	C02-202510	4	2
192	2025-10-01	2025-10-31	2025-09-01	業務委託費	振込手数料(6件）	3600	360	3960	t	C02-202510	4	1
189	2025-10-01	2025-10-31	2025-09-01	業務委託費：5階リーシング	\N	100000	10000	110000	t	C02-202510	4	1
206	2025-10-01	2025-10-31	2025-09-01	立替：BM管理費	日本管財	832000	83200	915200	t	C03-202510	1	2
195	2025-10-01	2025-10-31	2025-09-01	立替金：アロマ	アロマスター	5000	500	5500	t	C02-202510	4	2
191	2025-10-01	2025-10-31	2025-09-01	立替金：BM業務委託費	店舗流通ネット	305586	30558	336144	t	C02-202510	4	2
196	2025-10-01	2025-10-31	2025-09-01	立替金：業務委託費	４７株式会社	691410	69141	760551	t	C02-202510	4	2
204	2025-10-01	2025-10-31	2025-09-01	業務委託費	振込手数料	4200	420	4620	t	C03-202510	1	1
207	2025-10-01	2025-10-31	2025-09-01	立替：電気料金	ミツウロコグリーンエナジー	830200	83020	913220	t	C03-202510	1	2
197	2025-10-01	2025-10-31	2025-09-01	業務委託費	９月分　28時間ｘ6000円	168000	16800	184800	t	J01-202510	12	1
198	2025-10-01	2025-10-31	2025-09-01	立替金：現状回復工事	J WILL ESTATE（２階(1/3), ３階(2/3)保証金より控除)	1938121	193812	2131933	t	C02-202510	4	2
211	2025-10-01	2025-10-31	2025-09-01	2025年9月分の回収金	2025/10/30確定	3183619	0	3183619	t	H01-202510	6	3
213	2025-10-01	2025-10-31	2025-09-01	2025年9月分の回収金	2025/10/30確定	1094800	0	1094800	t	P01-202510	8	3
212	2025-10-01	2025-10-31	2025-09-01	2025年9月分の回収金	2025/10/30確定	2257400	0	2257400	t	O01-202510	7	3
199	2025-10-01	2025-10-31	2025-09-01	業務委託費	\N	200000	20000	220000	t	C03-202510	1	1
201	2025-10-01	2025-10-31	2025-09-01	業務委託費	８階館銘板製作費（テナントより受領分）	60000	6000	66000	t	C03-202510	1	1
203	2025-10-01	2025-10-31	2025-09-01	立替：業務委託費	明月	1278273	127827	1406100	t	C03-202510	1	2
208	2025-10-01	2025-10-31	2025-09-01	立替：９階１１階原状回復	J Will Estate(保証金より控除)	2805061	280506	3085567	t	C03-202510	1	2
210	2025-10-01	2025-10-31	2025-09-01	立替：マットリース	ダイオーズ	10800	1080	11880	t	C03-202510	1	2
214	2025-11-01	2025-11-30	2025-10-01	業務委託費	\N	300000	30000	330000	t	C01-202511	3	1
215	2025-11-01	2025-11-30	2025-10-01	業務委託費	\N	150000	15000	165000	t	G01-202511	5	1
200	2025-10-01	2025-10-31	2025-09-01	業務委託費	８階リーシング決定	100000	10000	110000	t	C03-202510	1	1
227	2025-11-01	2025-11-30	2025-10-01	立替：原状回復（保証金より控除）	J WIll Estate	2805061	280506	3085567	t	C03-202511	1	2
205	2025-10-01	2025-10-31	2025-09-01	立替：保証委託	フォーシーズ保証料（テナントより受領分）	1406100	0	1406100	t	C03-202510	1	3
235	2025-11-01	2025-11-30	2025-10-01	立替：BM管理費	日本管財	690900	69090	759990	t	C03-202511	1	2
222	2025-11-01	2025-11-30	2025-10-01	立替：BM管理費、修繕費	店舗流通ネット	664858	66485	731343	t	C02-202511	4	2
202	2025-10-01	2025-10-31	2025-09-01	立替：業務委託費	CBRE	1270000	127000	1397000	t	C03-202510	1	2
224	2025-11-01	2025-11-30	2025-10-01	立替：アロマ	アロマスター	5000	500	5500	t	C02-202511	4	2
231	2025-11-01	2025-11-30	2025-10-01	立替：フロアマット	ダイオーズ	10800	1080	11880	t	C03-202511	1	2
232	2025-11-01	2025-11-30	2025-10-01	現場管理費	９階原状回復	380000	38000	418000	t	JWE-202511	10	1
233	2025-11-01	2025-11-30	2025-10-01	現場管理費	11階原状回復	370000	37000	407000	t	JWE-202511	10	1
221	2025-11-01	2025-11-30	2025-10-01	業務委託費	振込手数料（4件）	2400	240	2640	t	C02-202511	4	1
216	2025-11-01	2025-11-30	2025-10-01	業務委託費	37時間x6000円	222000	22200	244200	t	J01-202511	12	1
217	2025-11-01	2025-11-30	2025-10-01	業務委託費	\N	200000	20000	220000	t	C02-202511	4	1
218	2025-11-01	2025-11-30	2025-10-01	業務委託費	3階原状回復完了	100000	10000	110000	t	C02-202511	4	1
219	2025-11-01	2025-11-30	2025-10-01	業務委託費	\N	200000	20000	220000	t	C03-202511	1	1
220	2025-11-01	2025-11-30	2025-10-01	業務委託費	9階11階原状回復完了	100000	10000	110000	t	C03-202511	1	1
225	2025-11-01	2025-11-30	2025-10-01	立替：原状回復（保証金より控除）	J WIll Estate	1938121	193812	2131933	t	C02-202511	4	2
226	2025-11-01	2025-11-30	2025-10-01	立替：５階クリーニング	J WIll Estate	180000	18000	198000	t	C02-202511	4	2
223	2025-11-01	2025-11-30	2025-10-01	立替：電気代	ミツウロコグリーンエネルギー	426471	42647	469118	t	C02-202511	4	2
236	2025-11-01	2025-11-30	2025-10-01	立替：水道料金	東京都水道局	100250	10025	110275	t	C03-202511	1	2
240	2025-12-01	2025-12-31	2025-11-01	業務委託費	\N	225000	22500	247500	t	G01-202512	5	1
234	2025-11-01	2025-11-30	2025-10-01	立替：トイレットペーパー	日本管財	12000	1200	13200	t	C03-202511	1	2
230	2025-11-01	2025-11-30	2025-10-01	立替：廃棄物処理	日本管財	103890	10389	114279	t	C03-202511	1	2
229	2025-11-01	2025-11-30	2025-10-01	立替：電気代	ミツウロコグリーンエネルギー	586624	58662	645286	t	C03-202511	1	2
228	2025-11-01	2025-11-30	2025-10-01	業務委託費	振込手数料（5件）	3000	300	3300	t	C03-202511	1	1
237	2025-12-01	2025-12-31	2025-11-01	業務委託費	\N	300000	30000	330000	t	C01-202512	3	1
238	2025-12-01	2025-12-31	2025-11-01	業務委託費	\N	200000	20000	220000	t	C03-202512	1	1
239	2025-12-01	2025-12-31	2025-11-01	業務委託費	\N	200000	20000	220000	t	C02-202512	4	1
241	2025-12-01	2025-12-31	2025-11-01	業務委託費	34時間x6000円	204000	20400	224400	t	J01-202512	12	1
242	2026-01-01	2026-01-31	2025-12-01	業務委託費	タワーフロント神谷町2階原状回復工事	100000	0	0	t	C02-202601	4	1
246	2025-12-01	2025-12-31	2025-11-01	立替：2025年11月19日作業　9階女子トイレ詰まり対応	店舗流通ネット	70000	7000	77000	t	C02-202512	4	2
247	2025-12-01	2025-12-31	2025-11-01	立替：建物管理業務委託報酬	店舗流通ネット	300394	30039	330433	t	C02-202512	4	2
248	2025-12-01	2025-12-31	2025-11-01	立替：3階クレセント交換	J Will Estate	41819	4181	46000	t	C02-202512	4	2
249	2025-12-01	2025-12-31	2025-11-01	立替：２階原状回復工事(3/3)	J Will Estate（保証金より控除）	942121	94212	1036333	t	C02-202512	4	2
250	2025-12-01	2025-12-31	2025-11-01	立替：電気料金	ミツウロコグリーンエネルギー	372461	37246	409707	t	C02-202512	4	2
243	2025-12-01	2025-12-31	2025-11-01	業務委託費	振込手数料	2400	240	2640	t	C02-202512	4	1
245	2025-12-01	2025-12-31	2025-11-01	立替：2025年11月6日作業　9階女子トイレ詰まり対応	店舗流通ネット	70000	7000	77000	t	C02-202512	4	2
244	2025-12-01	2025-12-31	2025-11-01	立替：2025年10月31日作業　9階女子トイレ詰まり対応	店舗流通ネット	50000	5000	55000	t	C02-202512	4	2
251	2025-12-01	2025-12-31	2025-11-01	立替：アロマ	アロマスター	5000	500	5500	t	C02-202512	4	2
263	2025-12-01	2025-12-31	2025-11-01	立替：賃料保証	フォーシーズ（テナントより預かり分）	818455	0	818455	t	C03-202512	1	3
258	2026-01-01	2026-01-31	2025-12-01	業務委託費	11階リーシング	100000	0	0	t	C03-202601	1	1
259	2025-12-01	2025-12-31	2025-11-01	業務委託費	11階リーシング	100000	10000	110000	t	C03-202512	1	1
266	2025-12-01	2025-12-31	2025-11-01	立替：マットリース	ダイオーズジャパン	10800	1080	11880	t	C03-202512	1	2
264	2025-12-01	2025-12-31	2025-11-01	立替：８階LED,共用部（新テナント入居準備）	J Will Estate	2158700	215870	2374570	t	C03-202512	1	2
265	2025-12-01	2025-12-31	2025-11-01	立替：ウォシュレット、換気扇工事	J Will Estate	245455	24545	270000	t	C03-202512	1	2
261	2025-12-01	2025-12-31	2025-11-01	立替：１１階テナントリーシング	KEN CORP	2976200	297620	3273820	t	C03-202512	1	2
262	2025-12-01	2025-12-31	2025-11-01	立替：建物管理費	日本管財	756020	75602	831622	t	C03-202512	1	2
252	2025-12-01	2025-12-31	2025-11-01	現場管理費：2F現状回復	タワーフロント神谷町	250000	25000	275000	t	JWE-202512	10	1
253	2025-12-01	2025-12-31	2025-11-01	現場管理費：3Fクレセント	タワーフロント神谷町	4000	400	4400	t	JWE-202512	10	1
254	2025-12-01	2025-12-31	2025-11-01	現場管理費：ウォシュレット	築地センタービル	10000	1000	11000	t	JWE-202512	10	1
255	2025-12-01	2025-12-31	2025-11-01	現場管理費：３階８階修繕	築地センタービル	14000	1400	15400	t	JWE-202512	10	1
256	2025-12-01	2025-12-31	2025-11-01	現場管理費：８階共用部回収	築地センタービル	40000	4000	44000	t	JWE-202512	10	1
257	2025-12-01	2025-12-31	2025-11-01	現場管理費：８階照明	築地センタービル	160000	16000	176000	t	JWE-202512	10	1
260	2025-12-01	2025-12-31	2025-11-01	業務委託費	振込手数料	3600	360	3960	t	C03-202512	1	1
268	2025-12-01	2025-12-31	2025-11-01	業務委託費	館銘板製作費（テナント請求済）	60000	6000	66000	t	C03-202512	1	1
267	2025-12-01	2025-12-31	2025-11-01	立替：電気代	ミツウロコグリーンエネルギー	515230	51522	566752	t	C03-202512	1	2
\.


--
-- Data for Name: invoice_bankaccount; Type: TABLE DATA; Schema: public; Owner: konno
--

COPY public.invoice_bankaccount (id, name, branch_name, branch_code, account_type, account_number, account_name, account_name_kana) FROM stdin;
1	三井住友銀行	本店営業部	200	普通	4945064	ソリトンキャピタルマネジメント株式会社	ソリトンキャピタルマネジメント（カ
\.


--
-- Data for Name: invoice_company; Type: TABLE DATA; Schema: public; Owner: konno
--

COPY public.invoice_company (id, name, short_name, address1, address2, tel, email, slug, bank_account_id, post_code, register_no, name_yayoi) FROM stdin;
1	合同会社CS Tsukiji	CST	東京都中央区日本橋茅場町一丁目3番7号	千代田ビル５階	\N	\N	C03	1	103-0025	\N	シーエスツキジ
2	ソリトンキャピタルマネジメント株式会社	SCM	東京都港区新橋３丁目９番１０号	天翔新橋ビル	03-4400-6501	kkonno@soliton-cm.com	S01	1	105-0004	T7010901046976	ソリトン
3	合同会社CS インベスト	CSI	東京都中央区日本橋茅場町一丁目3番7号	千代田ビル5階	\N	\N	C01	1	103-0025	\N	シーエスインベスト
4	合同会社CS Kamiya	CSK	東京都中央区日本橋茅場町一丁目3番7号	千代田ビル5階	\N	\N	C02	1	103-0025	\N	シーエスカミヤ
5	GIキャピタル・マネジメント株式会社	GIC	東京都千代田区麹町１－７	相互半蔵門ビルディング３階	\N	\N	G01	1	102-0083	\N	GICAM
6	ほのかキャピタル株式会社	HNK	東京都港区新橋３－９－１０	\N	\N	\N	H01	1	105-0004	\N	ほのかキャピタル
7	合同会社オーシャンライト	OCE	東京都港区新橋３－９－１０	\N	\N	\N	O01	1	105-0004	\N	オーシャンライト
8	合同会社ピーオーエム	POM	東京都港区新橋３－９－１０	\N	\N	\N	P01	1	105-0004	\N	ピーオーエム
9	株式会社DentaLight	DLT	福岡県福岡市博多区店屋町8-27	GOODOFFICE呉服町6F	\N	\N	D01	1	812-0025	\N	デンタライト
10	株式会社 J Will Estate	JWE	東京都品川区西五反田1-26-2	五反田サンハイツビル2F	03-6423-9466	g.kubota@j-will-estate.co.jp	JWE	1	\N	\N	JWILL
11	合同会社CS Tsukiji	CST2	東京都中央区日本橋茅場町一丁目3番7号	千代田ビル５階	\N	\N	C031	1	103-0025	\N	シーエスツキジ
12	JTMホールディングス株式会社	JTM	大阪府泉南郡田尻町りんくうポート北５番６	\N	072-479-3800	\N	J01	1	\N	\N	JTM
\.


--
-- Data for Name: invoice_csvdate; Type: TABLE DATA; Schema: public; Owner: konno
--

COPY public.invoice_csvdate (id, csvdate) FROM stdin;
1	2025-10-23
\.


--
-- Data for Name: invoice_invoicecode; Type: TABLE DATA; Schema: public; Owner: konno
--

COPY public.invoice_invoicecode (id, account_item_slug, account_item_id, invoice_at_ttl, invoice_bt_ttl, invoice_slug, invoice_tax_ttl, payment_due, invoice_at_gttl, invoice_bt_ttl_0, invoice_tax_flag, invoice_bt_gttl) FROM stdin;
76	C01-202509	164	330000	300000	C01-202509-0000076	30000	2025-09-30	330000	0	t	300000
77	G01-202509	165	165000	150000	G01-202509-0000077	15000	2025-09-30	165000	0	t	150000
78	C02-202509	166	2440490	2218628	C02-202509-0000078	221862	2025-09-30	2440490	0	t	2218628
79	JWE-202509	167	93500	85000	JWE-202509-0000079	8500	2025-09-30	93500	0	t	85000
80	C03-202509	176	6369040	5790037	C03-202509-0000080	579003	2025-09-30	6369040	0	t	5790037
19	C01-202501	8	330000	300000	C01-202501-0000019	30000	2025-01-31	330000	0	t	300000
20	C02-202501	9	220000	200000	C02-202501-0000020	20000	2025-01-31	220000	0	t	200000
21	G01-202501	10	82500	75000	G01-202501-0000021	7500	2025-01-31	82500	0	t	75000
22	D01-202410	11	194799	177090	D01-202410-0000022	17709	2024-10-31	194799	0	t	177090
81	C01-202510	186	330000	300000	C01-202510-0000081	30000	2025-10-31	330000	0	t	300000
82	G01-202510	187	165000	150000	G01-202510-0000082	15000	2025-10-31	165000	0	t	150000
23	C03-202410	12	55000	50000	C03-202410-0000023	5000	2024-10-31	55000	0	t	50000
26	C03-202411	15	55000	50000	C03-202411-0000026	5000	2024-11-30	55000	0	t	50000
27	C02-202411	16	220000	200000	C02-202411-0000027	20000	2024-11-30	220000	0	t	200000
28	C01-202411	17	330000	300000	C01-202411-0000028	30000	2024-11-30	330000	0	t	300000
29	H01-202411	18	0	0	H01-202411-0000029	0	2025-01-31	3456204	3456204	t	3456204
30	O01-202411	19	0	0	O01-202411-0000030	0	2025-01-31	2239400	2239400	t	2239400
31	P01-202411	20	0	0	P01-202411-0000031	0	2025-01-31	1225400	1225400	t	1225400
32	C01-202412	22	330000	300000	C01-202412-0000032	30000	2024-12-31	330000	0	t	300000
33	C02-202412	23	220000	200000	C02-202412-0000033	20000	2024-12-31	220000	0	t	200000
34	C03-202501	25	55000	50000	C03-202501-0000034	5000	2025-01-31	55000	0	t	50000
35	C03-202412	26	55000	50000	C03-202412-0000035	5000	2024-12-31	55000	0	t	50000
36	C01-202502	27	330000	300000	C01-202502-0000036	30000	2025-02-28	330000	0	t	300000
37	G01-202502	28	82500	75000	G01-202502-0000037	7500	2025-02-28	82500	0	t	75000
38	H01-202502	29	0	0	H01-202502-0000038	0	2025-02-28	3406667	3406667	t	3406667
40	P01-202502	31	0	0	P01-202502-0000040	0	2025-02-28	1265400	1265400	t	1265400
41	C02-202502	32	1191446	1083133	C02-202502-0000041	108313	2025-02-28	2238910	1047464	t	2130597
42	C03-202502	39	2517519	2288654	C03-202502-0000042	228865	2025-02-28	2517519	0	t	2288654
43	C01-202503	50	330000	300000	C01-202503-0000043	30000	2025-03-31	330000	0	t	300000
44	C03-202503	51	6253435	5684941	C03-202503-0000044	568494	2025-03-31	6253435	0	t	5684941
45	C02-202503	52	1242473	1129521	C02-202503-0000045	112952	2025-03-31	1242473	0	t	1129521
46	G01-202503	59	82500	75000	G01-202503-0000046	7500	2025-03-31	82500	0	t	75000
47	C01-202504	63	330000	300000	C01-202504-0000047	30000	2025-04-30	330000	0	t	300000
49	C03-202504	65	3743097	3402816	C03-202504-0000049	340281	2025-04-30	3743097	0	t	3402816
50	C02-202504	66	1238002	1125457	C02-202504-0000050	112545	2025-04-30	1238002	0	t	1125457
51	C01-202505	79	330000	300000	C01-202505-0000051	30000	2025-05-31	330000	0	t	300000
52	C02-202505	80	1075372	977611	C02-202505-0000052	97761	2025-05-31	1075372	0	t	977611
53	C03-202505	81	7220209	6563827	C03-202505-0000053	656382	2025-05-31	10201749	2981540	t	9545367
39	O01-202502	30	0	0	O01-202502-0000039	0	2025-02-28	2207500	2207500	t	2207500
54	G01-202505	82	165000	150000	G01-202505-0000054	15000	2025-05-31	165000	0	t	150000
55	JWE-202506	97	385000	350000	JWE-202506-0000055	35000	2025-06-30	385000	0	t	350000
56	C01-202506	98	330000	300000	C01-202506-0000056	30000	2025-06-30	330000	0	t	300000
57	C03-202506	99	6298108	5725553	C03-202506-0000057	572555	2025-06-30	6298108	0	t	5725553
58	G01-202506	100	165000	150000	G01-202506-0000058	15000	2025-06-30	165000	0	t	150000
59	C02-202506	101	1055794	959813	C02-202506-0000059	95981	2025-06-30	1055794	0	t	959813
60	C031-202506	103	330000	300000	C031-202506-0000060	30000	2025-06-30	330000	0	t	300000
61	JWE-202507	120	165000	150000	JWE-202507-0000061	15000	2025-07-31	165000	0	t	150000
62	G01-202507	121	165000	150000	G01-202507-0000062	15000	2025-07-31	165000	0	t	150000
63	C01-202507	122	330000	300000	C01-202507-0000063	30000	2025-07-31	330000	0	t	300000
64	C02-202507	123	1100917	1000834	C02-202507-0000064	100083	2025-07-31	1100917	0	t	1000834
65	C03-202507	124	2035136	1850124	C03-202507-0000065	185012	2025-07-31	25576286	23541150	t	25391274
66	C01-202508	141	330000	300000	C01-202508-0000066	30000	2025-08-31	330000	0	t	300000
67	H01-202507	142	0	0	H01-202507-0000067	0	2025-07-31	3362714	3362714	t	3362714
68	O01-202507	143	0	0	O01-202507-0000068	0	2025-07-31	2347400	2347400	t	2347400
69	P01-202507	144	0	0	P01-202507-0000069	0	2025-07-31	1070180	1070180	t	1070180
70	H01-202504	145	0	0	H01-202504-0000070	0	2025-04-30	3184144	3184144	t	3184144
71	O01-202504	146	0	0	O01-202504-0000071	0	2025-04-30	2297400	2297400	t	2297400
72	P01-202504	147	0	0	P01-202504-0000072	0	2025-04-30	1361450	1361450	t	1361450
73	C02-202508	148	1165316	1059379	C02-202508-0000073	105937	2025-08-31	1165316	0	t	1059379
74	G01-202508	149	165000	150000	G01-202508-0000074	15000	2025-08-31	165000	0	t	150000
75	C03-202508	154	6518748	5926135	C03-202508-0000075	592613	2025-08-31	6518748	0	t	5926135
94	C03-202511	219	5073777	4612525	C03-202511-0000094	461252	2025-11-30	5073777	0	t	4612525
86	C03-202510	199	8129587	7390534	C03-202510-0000086	739053	2025-10-31	9535687	1406100	t	8796634
102	JWE-202512	252	525800	478000	JWE-202512-0000102	47800	2025-12-31	525800	0	t	478000
24	C01-202410	13	330000	300000	C01-202410-0000024	30000	2024-10-31	330000	0	t	300000
95	JWE-202511	232	825000	750000	JWE-202511-0000095	75000	2025-11-30	825000	0	t	750000
87	H01-202510	211	0	0	H01-202510-0000087	0	2025-10-31	3183619	3183619	t	3183619
103	C03-202601	258	110000	100000	C03-202601-0000103	10000	2026-01-31	110000	0	t	100000
88	O01-202510	212	0	0	O01-202510-0000088	0	2025-10-31	2257400	2257400	t	2257400
96	C01-202512	237	330000	300000	C01-202512-0000096	30000	2025-12-31	330000	0	t	300000
97	C03-202512	238	7728605	7026005	C03-202512-0000097	702600	2025-12-31	8547060	818455	t	7844460
98	C02-202512	239	2259614	2054195	C02-202512-0000098	205419	2025-12-31	2259614	0	t	2054195
99	G01-202512	240	247500	225000	G01-202512-0000099	22500	2025-12-31	247500	0	t	225000
101	C02-202601	242	110000	100000	C02-202601-0000101	10000	2026-01-31	110000	0	t	100000
100	J01-202512	241	224400	204000	J01-202512-0000100	20400	2025-12-31	224400	0	t	204000
90	C01-202511	214	330000	300000	C01-202511-0000090	30000	2025-11-30	330000	0	t	300000
92	J01-202511	216	244200	222000	J01-202511-0000092	22200	2025-11-30	244200	0	t	222000
93	C02-202511	222	3868535	3516850	C02-202511-0000093	351685	2025-11-30	3868535	0	t	3516850
91	G01-202511	215	165000	150000	G01-202511-0000091	15000	2025-11-30	165000	0	t	150000
89	P01-202510	213	0	0	P01-202510-0000089	0	2025-10-31	1094800	1094800	t	1094800
85	J01-202510	197	184800	168000	J01-202510-0000085	16800	2025-10-31	184800	0	t	168000
83	C02-202510	192	4216802	3833457	C02-202510-0000083	383345	2025-10-31	4597077	380275	t	4213732
48	G01-202504	64	82500	75000	G01-202504-0000048	7500	2025-04-30	82500	0	t	75000
25	C02-202410	14	220000	200000	C02-202410-0000025	20000	2024-10-31	220000	0	t	200000
\.


--
-- Data for Name: invoice_itemcode; Type: TABLE DATA; Schema: public; Owner: konno
--

COPY public.invoice_itemcode (id, name, short_name, slug, tax_rate) FROM stdin;
1	請求	請求	C01	10%
2	立替金	立替	C02	10%
3	消費税適用外	無税	NT	無税
\.


--
-- Name: account_emailaddress_id_seq; Type: SEQUENCE SET; Schema: public; Owner: konno
--

SELECT pg_catalog.setval('public.account_emailaddress_id_seq', 1, false);


--
-- Name: account_emailconfirmation_id_seq; Type: SEQUENCE SET; Schema: public; Owner: konno
--

SELECT pg_catalog.setval('public.account_emailconfirmation_id_seq', 1, false);


--
-- Name: auth_group_id_seq; Type: SEQUENCE SET; Schema: public; Owner: konno
--

SELECT pg_catalog.setval('public.auth_group_id_seq', 1, false);


--
-- Name: auth_group_permissions_id_seq; Type: SEQUENCE SET; Schema: public; Owner: konno
--

SELECT pg_catalog.setval('public.auth_group_permissions_id_seq', 1, false);


--
-- Name: auth_permission_id_seq; Type: SEQUENCE SET; Schema: public; Owner: konno
--

SELECT pg_catalog.setval('public.auth_permission_id_seq', 56, true);


--
-- Name: auth_user_groups_id_seq; Type: SEQUENCE SET; Schema: public; Owner: konno
--

SELECT pg_catalog.setval('public.auth_user_groups_id_seq', 1, false);


--
-- Name: auth_user_id_seq; Type: SEQUENCE SET; Schema: public; Owner: konno
--

SELECT pg_catalog.setval('public.auth_user_id_seq', 1, true);


--
-- Name: auth_user_user_permissions_id_seq; Type: SEQUENCE SET; Schema: public; Owner: konno
--

SELECT pg_catalog.setval('public.auth_user_user_permissions_id_seq', 1, false);


--
-- Name: django_admin_log_id_seq; Type: SEQUENCE SET; Schema: public; Owner: konno
--

SELECT pg_catalog.setval('public.django_admin_log_id_seq', 61, true);


--
-- Name: django_content_type_id_seq; Type: SEQUENCE SET; Schema: public; Owner: konno
--

SELECT pg_catalog.setval('public.django_content_type_id_seq', 14, true);


--
-- Name: django_migrations_id_seq; Type: SEQUENCE SET; Schema: public; Owner: konno
--

SELECT pg_catalog.setval('public.django_migrations_id_seq', 52, true);


--
-- Name: invoice_accountitem_id_seq; Type: SEQUENCE SET; Schema: public; Owner: konno
--

SELECT pg_catalog.setval('public.invoice_accountitem_id_seq', 268, true);


--
-- Name: invoice_bankaccount_id_seq; Type: SEQUENCE SET; Schema: public; Owner: konno
--

SELECT pg_catalog.setval('public.invoice_bankaccount_id_seq', 1, true);


--
-- Name: invoice_company_id_seq; Type: SEQUENCE SET; Schema: public; Owner: konno
--

SELECT pg_catalog.setval('public.invoice_company_id_seq', 12, true);


--
-- Name: invoice_csvdate_id_seq; Type: SEQUENCE SET; Schema: public; Owner: konno
--

SELECT pg_catalog.setval('public.invoice_csvdate_id_seq', 1, true);


--
-- Name: invoice_invoicecode_id_seq; Type: SEQUENCE SET; Schema: public; Owner: konno
--

SELECT pg_catalog.setval('public.invoice_invoicecode_id_seq', 103, true);


--
-- Name: invoice_itemcode_id_seq; Type: SEQUENCE SET; Schema: public; Owner: konno
--

SELECT pg_catalog.setval('public.invoice_itemcode_id_seq', 3, true);


--
-- Name: account_emailaddress account_emailaddress_pkey; Type: CONSTRAINT; Schema: public; Owner: konno
--

ALTER TABLE ONLY public.account_emailaddress
    ADD CONSTRAINT account_emailaddress_pkey PRIMARY KEY (id);


--
-- Name: account_emailaddress account_emailaddress_user_id_email_987c8728_uniq; Type: CONSTRAINT; Schema: public; Owner: konno
--

ALTER TABLE ONLY public.account_emailaddress
    ADD CONSTRAINT account_emailaddress_user_id_email_987c8728_uniq UNIQUE (user_id, email);


--
-- Name: account_emailconfirmation account_emailconfirmation_key_key; Type: CONSTRAINT; Schema: public; Owner: konno
--

ALTER TABLE ONLY public.account_emailconfirmation
    ADD CONSTRAINT account_emailconfirmation_key_key UNIQUE (key);


--
-- Name: account_emailconfirmation account_emailconfirmation_pkey; Type: CONSTRAINT; Schema: public; Owner: konno
--

ALTER TABLE ONLY public.account_emailconfirmation
    ADD CONSTRAINT account_emailconfirmation_pkey PRIMARY KEY (id);


--
-- Name: auth_group auth_group_name_key; Type: CONSTRAINT; Schema: public; Owner: konno
--

ALTER TABLE ONLY public.auth_group
    ADD CONSTRAINT auth_group_name_key UNIQUE (name);


--
-- Name: auth_group_permissions auth_group_permissions_group_id_permission_id_0cd325b0_uniq; Type: CONSTRAINT; Schema: public; Owner: konno
--

ALTER TABLE ONLY public.auth_group_permissions
    ADD CONSTRAINT auth_group_permissions_group_id_permission_id_0cd325b0_uniq UNIQUE (group_id, permission_id);


--
-- Name: auth_group_permissions auth_group_permissions_pkey; Type: CONSTRAINT; Schema: public; Owner: konno
--

ALTER TABLE ONLY public.auth_group_permissions
    ADD CONSTRAINT auth_group_permissions_pkey PRIMARY KEY (id);


--
-- Name: auth_group auth_group_pkey; Type: CONSTRAINT; Schema: public; Owner: konno
--

ALTER TABLE ONLY public.auth_group
    ADD CONSTRAINT auth_group_pkey PRIMARY KEY (id);


--
-- Name: auth_permission auth_permission_content_type_id_codename_01ab375a_uniq; Type: CONSTRAINT; Schema: public; Owner: konno
--

ALTER TABLE ONLY public.auth_permission
    ADD CONSTRAINT auth_permission_content_type_id_codename_01ab375a_uniq UNIQUE (content_type_id, codename);


--
-- Name: auth_permission auth_permission_pkey; Type: CONSTRAINT; Schema: public; Owner: konno
--

ALTER TABLE ONLY public.auth_permission
    ADD CONSTRAINT auth_permission_pkey PRIMARY KEY (id);


--
-- Name: auth_user_groups auth_user_groups_pkey; Type: CONSTRAINT; Schema: public; Owner: konno
--

ALTER TABLE ONLY public.auth_user_groups
    ADD CONSTRAINT auth_user_groups_pkey PRIMARY KEY (id);


--
-- Name: auth_user_groups auth_user_groups_user_id_group_id_94350c0c_uniq; Type: CONSTRAINT; Schema: public; Owner: konno
--

ALTER TABLE ONLY public.auth_user_groups
    ADD CONSTRAINT auth_user_groups_user_id_group_id_94350c0c_uniq UNIQUE (user_id, group_id);


--
-- Name: auth_user auth_user_pkey; Type: CONSTRAINT; Schema: public; Owner: konno
--

ALTER TABLE ONLY public.auth_user
    ADD CONSTRAINT auth_user_pkey PRIMARY KEY (id);


--
-- Name: auth_user_user_permissions auth_user_user_permissions_pkey; Type: CONSTRAINT; Schema: public; Owner: konno
--

ALTER TABLE ONLY public.auth_user_user_permissions
    ADD CONSTRAINT auth_user_user_permissions_pkey PRIMARY KEY (id);


--
-- Name: auth_user_user_permissions auth_user_user_permissions_user_id_permission_id_14a6b632_uniq; Type: CONSTRAINT; Schema: public; Owner: konno
--

ALTER TABLE ONLY public.auth_user_user_permissions
    ADD CONSTRAINT auth_user_user_permissions_user_id_permission_id_14a6b632_uniq UNIQUE (user_id, permission_id);


--
-- Name: auth_user auth_user_username_key; Type: CONSTRAINT; Schema: public; Owner: konno
--

ALTER TABLE ONLY public.auth_user
    ADD CONSTRAINT auth_user_username_key UNIQUE (username);


--
-- Name: django_admin_log django_admin_log_pkey; Type: CONSTRAINT; Schema: public; Owner: konno
--

ALTER TABLE ONLY public.django_admin_log
    ADD CONSTRAINT django_admin_log_pkey PRIMARY KEY (id);


--
-- Name: django_content_type django_content_type_app_label_model_76bd3d3b_uniq; Type: CONSTRAINT; Schema: public; Owner: konno
--

ALTER TABLE ONLY public.django_content_type
    ADD CONSTRAINT django_content_type_app_label_model_76bd3d3b_uniq UNIQUE (app_label, model);


--
-- Name: django_content_type django_content_type_pkey; Type: CONSTRAINT; Schema: public; Owner: konno
--

ALTER TABLE ONLY public.django_content_type
    ADD CONSTRAINT django_content_type_pkey PRIMARY KEY (id);


--
-- Name: django_migrations django_migrations_pkey; Type: CONSTRAINT; Schema: public; Owner: konno
--

ALTER TABLE ONLY public.django_migrations
    ADD CONSTRAINT django_migrations_pkey PRIMARY KEY (id);


--
-- Name: django_session django_session_pkey; Type: CONSTRAINT; Schema: public; Owner: konno
--

ALTER TABLE ONLY public.django_session
    ADD CONSTRAINT django_session_pkey PRIMARY KEY (session_key);


--
-- Name: invoice_accountitem invoice_accountitem_pkey; Type: CONSTRAINT; Schema: public; Owner: konno
--

ALTER TABLE ONLY public.invoice_accountitem
    ADD CONSTRAINT invoice_accountitem_pkey PRIMARY KEY (id);


--
-- Name: invoice_bankaccount invoice_bankaccount_pkey; Type: CONSTRAINT; Schema: public; Owner: konno
--

ALTER TABLE ONLY public.invoice_bankaccount
    ADD CONSTRAINT invoice_bankaccount_pkey PRIMARY KEY (id);


--
-- Name: invoice_company invoice_company_pkey; Type: CONSTRAINT; Schema: public; Owner: konno
--

ALTER TABLE ONLY public.invoice_company
    ADD CONSTRAINT invoice_company_pkey PRIMARY KEY (id);


--
-- Name: invoice_csvdate invoice_csvdate_pkey; Type: CONSTRAINT; Schema: public; Owner: konno
--

ALTER TABLE ONLY public.invoice_csvdate
    ADD CONSTRAINT invoice_csvdate_pkey PRIMARY KEY (id);


--
-- Name: invoice_invoicecode invoice_invoicecode_account_item_slug_6e6e7408_uniq; Type: CONSTRAINT; Schema: public; Owner: konno
--

ALTER TABLE ONLY public.invoice_invoicecode
    ADD CONSTRAINT invoice_invoicecode_account_item_slug_6e6e7408_uniq UNIQUE (account_item_slug);


--
-- Name: invoice_invoicecode invoice_invoicecode_pkey; Type: CONSTRAINT; Schema: public; Owner: konno
--

ALTER TABLE ONLY public.invoice_invoicecode
    ADD CONSTRAINT invoice_invoicecode_pkey PRIMARY KEY (id);


--
-- Name: invoice_itemcode invoice_itemcode_pkey; Type: CONSTRAINT; Schema: public; Owner: konno
--

ALTER TABLE ONLY public.invoice_itemcode
    ADD CONSTRAINT invoice_itemcode_pkey PRIMARY KEY (id);


--
-- Name: account_emailaddress_email_03be32b2; Type: INDEX; Schema: public; Owner: konno
--

CREATE INDEX account_emailaddress_email_03be32b2 ON public.account_emailaddress USING btree (email);


--
-- Name: account_emailaddress_email_03be32b2_like; Type: INDEX; Schema: public; Owner: konno
--

CREATE INDEX account_emailaddress_email_03be32b2_like ON public.account_emailaddress USING btree (email varchar_pattern_ops);


--
-- Name: account_emailaddress_user_id_2c513194; Type: INDEX; Schema: public; Owner: konno
--

CREATE INDEX account_emailaddress_user_id_2c513194 ON public.account_emailaddress USING btree (user_id);


--
-- Name: account_emailconfirmation_email_address_id_5b7f8c58; Type: INDEX; Schema: public; Owner: konno
--

CREATE INDEX account_emailconfirmation_email_address_id_5b7f8c58 ON public.account_emailconfirmation USING btree (email_address_id);


--
-- Name: account_emailconfirmation_key_f43612bd_like; Type: INDEX; Schema: public; Owner: konno
--

CREATE INDEX account_emailconfirmation_key_f43612bd_like ON public.account_emailconfirmation USING btree (key varchar_pattern_ops);


--
-- Name: auth_group_name_a6ea08ec_like; Type: INDEX; Schema: public; Owner: konno
--

CREATE INDEX auth_group_name_a6ea08ec_like ON public.auth_group USING btree (name varchar_pattern_ops);


--
-- Name: auth_group_permissions_group_id_b120cbf9; Type: INDEX; Schema: public; Owner: konno
--

CREATE INDEX auth_group_permissions_group_id_b120cbf9 ON public.auth_group_permissions USING btree (group_id);


--
-- Name: auth_group_permissions_permission_id_84c5c92e; Type: INDEX; Schema: public; Owner: konno
--

CREATE INDEX auth_group_permissions_permission_id_84c5c92e ON public.auth_group_permissions USING btree (permission_id);


--
-- Name: auth_permission_content_type_id_2f476e4b; Type: INDEX; Schema: public; Owner: konno
--

CREATE INDEX auth_permission_content_type_id_2f476e4b ON public.auth_permission USING btree (content_type_id);


--
-- Name: auth_user_groups_group_id_97559544; Type: INDEX; Schema: public; Owner: konno
--

CREATE INDEX auth_user_groups_group_id_97559544 ON public.auth_user_groups USING btree (group_id);


--
-- Name: auth_user_groups_user_id_6a12ed8b; Type: INDEX; Schema: public; Owner: konno
--

CREATE INDEX auth_user_groups_user_id_6a12ed8b ON public.auth_user_groups USING btree (user_id);


--
-- Name: auth_user_user_permissions_permission_id_1fbb5f2c; Type: INDEX; Schema: public; Owner: konno
--

CREATE INDEX auth_user_user_permissions_permission_id_1fbb5f2c ON public.auth_user_user_permissions USING btree (permission_id);


--
-- Name: auth_user_user_permissions_user_id_a95ead1b; Type: INDEX; Schema: public; Owner: konno
--

CREATE INDEX auth_user_user_permissions_user_id_a95ead1b ON public.auth_user_user_permissions USING btree (user_id);


--
-- Name: auth_user_username_6821ab7c_like; Type: INDEX; Schema: public; Owner: konno
--

CREATE INDEX auth_user_username_6821ab7c_like ON public.auth_user USING btree (username varchar_pattern_ops);


--
-- Name: django_admin_log_content_type_id_c4bce8eb; Type: INDEX; Schema: public; Owner: konno
--

CREATE INDEX django_admin_log_content_type_id_c4bce8eb ON public.django_admin_log USING btree (content_type_id);


--
-- Name: django_admin_log_user_id_c564eba6; Type: INDEX; Schema: public; Owner: konno
--

CREATE INDEX django_admin_log_user_id_c564eba6 ON public.django_admin_log USING btree (user_id);


--
-- Name: django_session_expire_date_a5c62663; Type: INDEX; Schema: public; Owner: konno
--

CREATE INDEX django_session_expire_date_a5c62663 ON public.django_session USING btree (expire_date);


--
-- Name: django_session_session_key_c0390e0f_like; Type: INDEX; Schema: public; Owner: konno
--

CREATE INDEX django_session_session_key_c0390e0f_like ON public.django_session USING btree (session_key varchar_pattern_ops);


--
-- Name: invoice_accountitem_company_id_5f7cbe80; Type: INDEX; Schema: public; Owner: konno
--

CREATE INDEX invoice_accountitem_company_id_5f7cbe80 ON public.invoice_accountitem USING btree (company_id);


--
-- Name: invoice_accountitem_item_code_id_7567e897; Type: INDEX; Schema: public; Owner: konno
--

CREATE INDEX invoice_accountitem_item_code_id_7567e897 ON public.invoice_accountitem USING btree (item_code_id);


--
-- Name: invoice_company_bank_account_id_02f2d4d3; Type: INDEX; Schema: public; Owner: konno
--

CREATE INDEX invoice_company_bank_account_id_02f2d4d3 ON public.invoice_company USING btree (bank_account_id);


--
-- Name: invoice_invoicecode_account_item_id_e07b2d77; Type: INDEX; Schema: public; Owner: konno
--

CREATE INDEX invoice_invoicecode_account_item_id_e07b2d77 ON public.invoice_invoicecode USING btree (account_item_id);


--
-- Name: invoice_invoicecode_account_item_slug_6e6e7408_like; Type: INDEX; Schema: public; Owner: konno
--

CREATE INDEX invoice_invoicecode_account_item_slug_6e6e7408_like ON public.invoice_invoicecode USING btree (account_item_slug varchar_pattern_ops);


--
-- Name: unique_primary_email; Type: INDEX; Schema: public; Owner: konno
--

CREATE UNIQUE INDEX unique_primary_email ON public.account_emailaddress USING btree (user_id, "primary") WHERE "primary";


--
-- Name: unique_verified_email; Type: INDEX; Schema: public; Owner: konno
--

CREATE UNIQUE INDEX unique_verified_email ON public.account_emailaddress USING btree (email) WHERE verified;


--
-- Name: account_emailaddress account_emailaddress_user_id_2c513194_fk_auth_user_id; Type: FK CONSTRAINT; Schema: public; Owner: konno
--

ALTER TABLE ONLY public.account_emailaddress
    ADD CONSTRAINT account_emailaddress_user_id_2c513194_fk_auth_user_id FOREIGN KEY (user_id) REFERENCES public.auth_user(id) DEFERRABLE INITIALLY DEFERRED;


--
-- Name: account_emailconfirmation account_emailconfirm_email_address_id_5b7f8c58_fk_account_e; Type: FK CONSTRAINT; Schema: public; Owner: konno
--

ALTER TABLE ONLY public.account_emailconfirmation
    ADD CONSTRAINT account_emailconfirm_email_address_id_5b7f8c58_fk_account_e FOREIGN KEY (email_address_id) REFERENCES public.account_emailaddress(id) DEFERRABLE INITIALLY DEFERRED;


--
-- Name: auth_group_permissions auth_group_permissio_permission_id_84c5c92e_fk_auth_perm; Type: FK CONSTRAINT; Schema: public; Owner: konno
--

ALTER TABLE ONLY public.auth_group_permissions
    ADD CONSTRAINT auth_group_permissio_permission_id_84c5c92e_fk_auth_perm FOREIGN KEY (permission_id) REFERENCES public.auth_permission(id) DEFERRABLE INITIALLY DEFERRED;


--
-- Name: auth_group_permissions auth_group_permissions_group_id_b120cbf9_fk_auth_group_id; Type: FK CONSTRAINT; Schema: public; Owner: konno
--

ALTER TABLE ONLY public.auth_group_permissions
    ADD CONSTRAINT auth_group_permissions_group_id_b120cbf9_fk_auth_group_id FOREIGN KEY (group_id) REFERENCES public.auth_group(id) DEFERRABLE INITIALLY DEFERRED;


--
-- Name: auth_permission auth_permission_content_type_id_2f476e4b_fk_django_co; Type: FK CONSTRAINT; Schema: public; Owner: konno
--

ALTER TABLE ONLY public.auth_permission
    ADD CONSTRAINT auth_permission_content_type_id_2f476e4b_fk_django_co FOREIGN KEY (content_type_id) REFERENCES public.django_content_type(id) DEFERRABLE INITIALLY DEFERRED;


--
-- Name: auth_user_groups auth_user_groups_group_id_97559544_fk_auth_group_id; Type: FK CONSTRAINT; Schema: public; Owner: konno
--

ALTER TABLE ONLY public.auth_user_groups
    ADD CONSTRAINT auth_user_groups_group_id_97559544_fk_auth_group_id FOREIGN KEY (group_id) REFERENCES public.auth_group(id) DEFERRABLE INITIALLY DEFERRED;


--
-- Name: auth_user_groups auth_user_groups_user_id_6a12ed8b_fk_auth_user_id; Type: FK CONSTRAINT; Schema: public; Owner: konno
--

ALTER TABLE ONLY public.auth_user_groups
    ADD CONSTRAINT auth_user_groups_user_id_6a12ed8b_fk_auth_user_id FOREIGN KEY (user_id) REFERENCES public.auth_user(id) DEFERRABLE INITIALLY DEFERRED;


--
-- Name: auth_user_user_permissions auth_user_user_permi_permission_id_1fbb5f2c_fk_auth_perm; Type: FK CONSTRAINT; Schema: public; Owner: konno
--

ALTER TABLE ONLY public.auth_user_user_permissions
    ADD CONSTRAINT auth_user_user_permi_permission_id_1fbb5f2c_fk_auth_perm FOREIGN KEY (permission_id) REFERENCES public.auth_permission(id) DEFERRABLE INITIALLY DEFERRED;


--
-- Name: auth_user_user_permissions auth_user_user_permissions_user_id_a95ead1b_fk_auth_user_id; Type: FK CONSTRAINT; Schema: public; Owner: konno
--

ALTER TABLE ONLY public.auth_user_user_permissions
    ADD CONSTRAINT auth_user_user_permissions_user_id_a95ead1b_fk_auth_user_id FOREIGN KEY (user_id) REFERENCES public.auth_user(id) DEFERRABLE INITIALLY DEFERRED;


--
-- Name: django_admin_log django_admin_log_content_type_id_c4bce8eb_fk_django_co; Type: FK CONSTRAINT; Schema: public; Owner: konno
--

ALTER TABLE ONLY public.django_admin_log
    ADD CONSTRAINT django_admin_log_content_type_id_c4bce8eb_fk_django_co FOREIGN KEY (content_type_id) REFERENCES public.django_content_type(id) DEFERRABLE INITIALLY DEFERRED;


--
-- Name: django_admin_log django_admin_log_user_id_c564eba6_fk_auth_user_id; Type: FK CONSTRAINT; Schema: public; Owner: konno
--

ALTER TABLE ONLY public.django_admin_log
    ADD CONSTRAINT django_admin_log_user_id_c564eba6_fk_auth_user_id FOREIGN KEY (user_id) REFERENCES public.auth_user(id) DEFERRABLE INITIALLY DEFERRED;


--
-- Name: invoice_accountitem invoice_accountitem_company_id_5f7cbe80_fk_invoice_company_id; Type: FK CONSTRAINT; Schema: public; Owner: konno
--

ALTER TABLE ONLY public.invoice_accountitem
    ADD CONSTRAINT invoice_accountitem_company_id_5f7cbe80_fk_invoice_company_id FOREIGN KEY (company_id) REFERENCES public.invoice_company(id) DEFERRABLE INITIALLY DEFERRED;


--
-- Name: invoice_accountitem invoice_accountitem_item_code_id_7567e897_fk_invoice_i; Type: FK CONSTRAINT; Schema: public; Owner: konno
--

ALTER TABLE ONLY public.invoice_accountitem
    ADD CONSTRAINT invoice_accountitem_item_code_id_7567e897_fk_invoice_i FOREIGN KEY (item_code_id) REFERENCES public.invoice_itemcode(id) DEFERRABLE INITIALLY DEFERRED;


--
-- Name: invoice_company invoice_company_bank_account_id_02f2d4d3_fk_invoice_b; Type: FK CONSTRAINT; Schema: public; Owner: konno
--

ALTER TABLE ONLY public.invoice_company
    ADD CONSTRAINT invoice_company_bank_account_id_02f2d4d3_fk_invoice_b FOREIGN KEY (bank_account_id) REFERENCES public.invoice_bankaccount(id) DEFERRABLE INITIALLY DEFERRED;


--
-- Name: invoice_invoicecode invoice_invoicecode_account_item_id_e07b2d77_fk_invoice_a; Type: FK CONSTRAINT; Schema: public; Owner: konno
--

ALTER TABLE ONLY public.invoice_invoicecode
    ADD CONSTRAINT invoice_invoicecode_account_item_id_e07b2d77_fk_invoice_a FOREIGN KEY (account_item_id) REFERENCES public.invoice_accountitem(id) DEFERRABLE INITIALLY DEFERRED;


--
-- PostgreSQL database dump complete
--

\unrestrict B5N4PYbg1oNKMXZbrfhhBVP3gpJX3UEfEjZWe3TEqxS9qdGbyKD6aSMGeMucPeO

--
-- Database "postgres" dump
--

\connect postgres

--
-- PostgreSQL database dump
--

\restrict xFwdodOFMmCYqkE8faq6G699qBc8X35nXS4FTjEwp9BlEnnvkc6tegJSRbQq1b6

-- Dumped from database version 15.15 (Debian 15.15-1.pgdg13+1)
-- Dumped by pg_dump version 15.15 (Debian 15.15-1.pgdg13+1)

SET statement_timeout = 0;
SET lock_timeout = 0;
SET idle_in_transaction_session_timeout = 0;
SET client_encoding = 'UTF8';
SET standard_conforming_strings = on;
SELECT pg_catalog.set_config('search_path', '', false);
SET check_function_bodies = false;
SET xmloption = content;
SET client_min_messages = warning;
SET row_security = off;

--
-- PostgreSQL database dump complete
--

\unrestrict xFwdodOFMmCYqkE8faq6G699qBc8X35nXS4FTjEwp9BlEnnvkc6tegJSRbQq1b6

--
-- PostgreSQL database cluster dump complete
--

